[
  {
    "Id": "132779",
    "ThreadId": "39999",
    "Html": "hi<br>\r\n&nbsp;do you think you 'll release a osx version? or do you know the same projoct on osx?<br>\r\nthanks \r\n",
    "PostedDate": "2008-11-14T19:57:23.02-08:00",
    "UserRole": null,
    "MarkedAsAnswerDate": null
  },
  {
    "Id": "132854",
    "ThreadId": "39999",
    "Html": "Hi fred41,<br>\r\nNo, I don't have any plans to make an OSX version. I simply don't have the time.<br>\r\nThe project is open source, perhaps someone else would like to port the code.<br>\r\n- Mike\r\n",
    "PostedDate": "2008-11-15T15:29:31.097-08:00",
    "UserRole": null,
    "MarkedAsAnswerDate": null
  }
]