[
  {
    "Id": "1005849",
    "ThreadId": "434285",
    "Html": "Dear Friends,\r<br />\n<br />\nHope you all will be doing good. I am trying to use a method from Touchless to add markers same as in TouchlessDemo application. I am trying continuely but all in vain. I dont know the actual parameters to be passed. Any help about the details of the parameters and how i could use it would be highly appreciated.\r<br />\n<br />\nThanks in advance.<br />\n",
    "PostedDate": "2013-02-24T02:06:30.22-08:00",
    "UserRole": null,
    "MarkedAsAnswerDate": null
  }
]