[
  {
    "Id": "295237",
    "ThreadId": "88343",
    "Html": "<p>Hi.</p>\r\n<p>I wish to use touchless with multiple cameras but it gives me problems with graphbuilder.</p>\r\n<p>Any advice ?</p>\r\n<p>&nbsp;</p>\r\n<p>Thaks.</p>",
    "PostedDate": "2010-02-20T02:10:38.567-08:00",
    "UserRole": null,
    "MarkedAsAnswerDate": null
  },
  {
    "Id": "468568",
    "ThreadId": "88343",
    "Html": "<p>Can Two Camera Run Simultaneously? yes/no:<br>&nbsp; <a href=\"http://touchless.codeplex.com/Thread/View.aspx?ThreadId=73292&ANCHOR#Post468564\">http://touchless.codeplex.com/Thread/View.aspx?ThreadId=73292&amp;ANCHOR#Post468564</a></p>",
    "PostedDate": "2010-07-17T14:09:52.393-07:00",
    "UserRole": null,
    "MarkedAsAnswerDate": null
  }
]