[
  {
    "Id": "663819",
    "ThreadId": "270526",
    "Html": "\r\n<p>I am doing a project similar to the SixthSense developed by Pranav Mistry.For more info on this project , visit&nbsp;<span>www.pranavmistry.com/projects/<strong>sixthsense</strong>/</span></p>\r\n<p><span>I&nbsp;will&nbsp;be having&nbsp;colored&nbsp;bands arround my fingers.I want a function to check whether a given marker is present in the current frame or not in vb.net.I also want to save the markers when I exit the application.How can I do this in\r\n VB.net?</span></p>\r\n",
    "PostedDate": "2011-08-26T07:15:31.593-07:00",
    "UserRole": null,
    "MarkedAsAnswerDate": null
  }
]