[
  {
    "Id": "852561",
    "ThreadId": "360589",
    "Html": "\r\n<p>Hi codeplex</p>\r\n<p>Please check this project:www.smartsense.codeplex.com</p>\r\n<p>I made it using touchless sdk</p>\r\n<p>Thanx</p>\r\n",
    "PostedDate": "2012-06-22T05:34:46.107-07:00",
    "UserRole": null,
    "MarkedAsAnswerDate": null
  },
  {
    "Id": "852647",
    "ThreadId": "360589",
    "Html": "<p>any screenshots</p>",
    "PostedDate": "2012-06-22T08:52:20.98-07:00",
    "UserRole": null,
    "MarkedAsAnswerDate": null
  }
]