[
  {
    "Id": "840742",
    "ThreadId": "357086",
    "Html": "\r\n<p>Hi All!<br>\r\nI haven't been able to add this library to the project. I copied/paste it on almost every project's folder and in debug mode it runs perfectly... however, when I publish it, the app always fails because this missing reference...<br>\r\nPlz help me to find a way for either add it to the object browser, or just add it to the right folder so it can be publish with the app or used by it.<br>\r\nThx a lot</p>\r\n",
    "PostedDate": "2012-05-24T22:18:49.58-07:00",
    "UserRole": null,
    "MarkedAsAnswerDate": null
  },
  {
    "Id": "840887",
    "ThreadId": "357086",
    "Html": "<p>There's another version available (Look on the main project page, for the link to \"Stay in the game\", the sources are available, including a rebuilt lib that will link properly to your project. Word of advice, make sure you copy both DLLs from the new package... not just the webcamlib. &nbsp;They're meant to be together.</p>\r\n<p>&nbsp;</p>\r\n<p>Enjoy!</p>",
    "PostedDate": "2012-05-25T05:00:50.003-07:00",
    "UserRole": null,
    "MarkedAsAnswerDate": null
  },
  {
    "Id": "840933",
    "ThreadId": "357086",
    "Html": "<p>Hey thx a lot!! I tried it and works!</p>\r\n<p>Even though I&nbsp;design&nbsp;a solution for this issue I'd rather use this libraries to avoid future incidents</p>\r\n<p>Thx again</p>",
    "PostedDate": "2012-05-25T07:02:53.307-07:00",
    "UserRole": null,
    "MarkedAsAnswerDate": null
  },
  {
    "Id": "1275471",
    "ThreadId": "357086",
    "Html": "the link to \r<br />\n<br />\n<a href=\"http://code.msdn.microsoft.com/vbtouchless\" rel=\"nofollow\">http://code.msdn.microsoft.com/vbtouchless</a>\r<br />\n<br />\nis dead. is there <em>any</em> mirror? i really need that package.<br />\n",
    "PostedDate": "2014-07-23T06:40:19.683-07:00",
    "UserRole": null,
    "MarkedAsAnswerDate": null
  }
]