[
  {
    "Id": "180398",
    "ThreadId": "53595",
    "Html": "What code would tell me when the marker was moved into the webcams view, currently working on a small program that does different things when you introduce a marker into the screen<br>\r\n",
    "PostedDate": "2009-04-16T18:41:26.947-07:00",
    "UserRole": null,
    "MarkedAsAnswerDate": null
  },
  {
    "Id": "180571",
    "ThreadId": "53595",
    "Html": "i found what i was lookin for lol didnt realise until it was starin me in the face Marker.CurrentData.Present<br>\r\n<br>\r\nthanks anyway<br>\r\n",
    "PostedDate": "2009-04-17T06:09:56.013-07:00",
    "UserRole": null,
    "MarkedAsAnswerDate": null
  }
]