[
  {
    "Id": "921472",
    "ThreadId": "397943",
    "Html": "\r\n<p>I've been evaluating the Touchless SDK for webcam image capture since we are looking for a camera-agnostic software interface.&nbsp; Some of our customers want to be able to take images of documents.&nbsp; While Touchless allows us to capture a larger image\r\n the clarity of the image isn't there.&nbsp; Is there any way to improve the clarity or sharpness of the image captured?</p>\r\n",
    "PostedDate": "2012-10-03T12:44:28.613-07:00",
    "UserRole": null,
    "MarkedAsAnswerDate": null
  },
  {
    "Id": "990164",
    "ThreadId": "397943",
    "Html": "\r\n<p>sir your touchless project is no running plz snd on my mail id the working project</p>\r\n",
    "PostedDate": "2013-01-22T01:09:45.81-08:00",
    "UserRole": null,
    "MarkedAsAnswerDate": null
  }
]