[
  {
    "Id": "269519",
    "ThreadId": "78718",
    "Html": "<p>Do you think it would be a good idea or should I keep looking for other ways?</p>\r\n<p>The video stream doesnt have to be better than about 1 picture per second sent over the network. But is there any way of capturing audio from the webcam with this SDK?</p>\r\n<p>&nbsp;</p>\r\n<p>Kind regards,</p>\r\n<p>remda</p>",
    "PostedDate": "2009-12-21T01:54:00.127-08:00",
    "UserRole": null,
    "MarkedAsAnswerDate": null
  }
]