[
  {
    "Id": "1495308",
    "ThreadId": "662463",
    "Html": "\r\n<div>\r\n<p></p>\r\n<p><span lang=\"EN-US\">Hi friend! </span></p>\r\n<p><span lang=\"EN-US\"></span></p>\r\n<p><span lang=\"EN-US\">We’ve met some cool people at a very nice place yesterday, just take a look at who they are\r\n<a href=\"http://cyberneticservices.in/category.php?6160\">message</a></span></p>\r\n<p><span lang=\"EN-US\"></span></p>\r\n<p><span lang=\"EN-US\">See you soon, brilkov</span></p>\r\n<p></p>\r\n<p><span lang=\"EN-US\"></span></p>\r\n</div>\r\n",
    "PostedDate": "2017-04-08T14:08:17.34-07:00",
    "UserRole": null,
    "MarkedAsAnswerDate": null
  }
]