[
  {
    "Id": "192283",
    "ThreadId": "56888",
    "Html": "<p>Hi,</p>\r\n<p>Is there any way to get marker Z-axis position?</p>\r\n<p>Best regards</p>",
    "PostedDate": "2009-05-20T02:44:58.057-07:00",
    "UserRole": null,
    "MarkedAsAnswerDate": null
  },
  {
    "Id": "192609",
    "ThreadId": "56888",
    "Html": "<p style=\"margin:0in 0in 0pt\"><span style=\"font-family:'Calibri','sans-serif';color:#1f497d;font-size:11pt\">Hello laziers,</span></p>\r\n<p style=\"margin:0in 0in 0pt\"><span style=\"font-family:'Calibri','sans-serif';color:#1f497d;font-size:11pt\">&nbsp;</span></p>\r\n<p style=\"margin:0in 0in 0pt\"><span style=\"font-family:'Calibri','sans-serif';color:#1f497d;font-size:11pt\">I&rsquo;ve been using the marker&rsquo;s size and/or bounds as an indicator of the Z axis position.</span></p>\r\n<p style=\"margin:0in 0in 0pt\"><span style=\"font-family:'Calibri','sans-serif';color:#1f497d;font-size:11pt\">This obviously isn&rsquo;t correct, but it&rsquo;s usually a workable way to roughly gauge the z position.</span></p>\r\n<p style=\"margin:0in 0in 0pt\"><span style=\"font-family:'Calibri','sans-serif';color:#1f497d;font-size:11pt\">The idea isn&rsquo;t to have accurate Z information, but to use the correlation of z position and size to give the user some depth cues.</span></p>\r\n<p style=\"margin:0in 0in 0pt\"><span style=\"font-family:'Calibri','sans-serif';color:#1f497d;font-size:11pt\">I hope that works for you, and thanks for your interest in Touchless!</span></p>\r\n<p style=\"margin:0in 0in 0pt\"><span style=\"font-family:'Calibri','sans-serif';color:#1f497d;font-size:11pt\"></span></p>\r\n<p style=\"margin:0in 0in 0pt\">&nbsp;</p>\r\n<p style=\"margin:0in 0in 0pt\"><span style=\"font-family:'Calibri','sans-serif';color:#1f497d;font-size:11pt\">- Mike</span></p>",
    "PostedDate": "2009-05-20T17:56:30.763-07:00",
    "UserRole": null,
    "MarkedAsAnswerDate": null
  },
  {
    "Id": "192666",
    "ThreadId": "56888",
    "Html": "<p>Hi michwass,</p>\r\n<p>I see... but maby you have any source code for this? I will be very greatfull :)</p>\r\n<p>Could you tell me if there is possible to combine opengl with Touchless?</p>\r\n<p>regards! :)</p>",
    "PostedDate": "2009-05-20T23:19:19.94-07:00",
    "UserRole": null,
    "MarkedAsAnswerDate": null
  },
  {
    "Id": "192898",
    "ThreadId": "56888",
    "Html": "<p style=\"margin:0in 0in 0pt\"><span style=\"font-family:'Calibri','sans-serif';color:#1f497d;font-size:11pt\">Look in the source code repository. My examples are extremely naive, but might be a good starting point:</span></p>\r\n<p style=\"margin:0in 0in 0pt\"><span style=\"font-family:'Calibri','sans-serif';color:#1f497d;font-size:11pt\">&nbsp;</span></p>\r\n<p style=\"margin:0in 0in 0pt\"><span style=\"font-family:'Calibri','sans-serif';color:#1f497d;font-size:11pt\">Samples\\TouchlessDemo\\DrawDemo.cs (in function UpdateMarker):</span></p>\r\n<p style=\"margin:0in 0in 0pt\"><span style=\"font-family:'Courier New';font-size:11pt\" lang=EN>_pen.Width = (int)(data.Area / 60);</span></p>\r\n<p style=\"margin:0in 0in 0pt\"><span style=\"font-family:'Calibri','sans-serif';color:#1f497d;font-size:11pt\">This is using the MarkerEventData&rsquo;s Area property (the number of pixels matching the marker in the most recent frame) to set the pen width for drawing.</span></p>\r\n<p style=\"margin:0in 0in 0pt\"><span style=\"font-family:'Calibri','sans-serif';color:#1f497d;font-size:11pt\">So in the general case, as you&rsquo;d bring the marker further from or closer to the camera (or show/hide more marker area), you&rsquo;ll change the pen width.</span></p>\r\n<p style=\"margin:0in 0in 0pt\"><span style=\"font-family:'Calibri','sans-serif';color:#1f497d;font-size:11pt\">&nbsp;</span></p>\r\n<p style=\"margin:0in 0in 0pt\"><span style=\"font-family:'Calibri','sans-serif';color:#1f497d;font-size:11pt\">Samples\\TouchlessDemo\\ImageDemo.cs (in function UpdateSingleMarker):</span></p>\r\n<p style=\"margin:0in 0in 0pt\"><span style=\"font-family:'Courier New';font-size:11pt\" lang=EN><span style=\"\"><span style=\"font-family:'Courier New';font-size:11pt\" lang=EN>// Calculate baseline area (running avg) for the first _MaxSampleFrameCount frames</span></span></span></p>\r\n<p style=\"margin:0in 0in 0pt\"><span style=\"font-family:'Courier New';font-size:11pt\" lang=EN><span style=\"\"><span style=\"font-family:'Courier New';font-size:11pt\" lang=EN>if (_sampleFrameCount &lt; _MaxSampleFrameCount)</span></span></span></p>\r\n<p style=\"margin:0in 0in 0pt\"><span style=\"font-family:'Courier New';font-size:11pt\" lang=EN><span style=\"\"><span style=\"font-family:'Courier New';font-size:11pt\" lang=EN>_baselineArea = (_sampleFrameCount++ == 0) ? args.EventData.Area : (_baselineArea + args.EventData.Area) / 2;</span></span></span></p>\r\n<p style=\"margin:0in 0in 0pt\"><span style=\"font-family:'Courier New';font-size:11pt\" lang=EN><span style=\"\"><span style=\"font-family:'Courier New';font-size:11pt\" lang=EN>***[I OMITTED SOME CODE HERE FOR BREVITY]***</span></span></span></p>\r\n<p style=\"margin:0in 0in 0pt\"><span style=\"font-family:'Courier New';font-size:11pt\" lang=EN><span style=\"\"><span style=\"font-family:'Courier New';font-size:11pt\" lang=EN>// Find new velocity scale by adding new acceleration value; then cap at min/max values</span></span></span></p>\r\n<p style=\"margin:0in 0in 0pt\"><span style=\"font-family:'Courier New';font-size:11pt\" lang=EN><span style=\"\"><span style=\"font-family:'Courier New';font-size:11pt\" lang=EN>_velocityScale += (float)((args.EventData.Area - _baselineArea) / (100F * _baselineArea));</span></span></span></p>\r\n<p style=\"margin:0in 0in 0pt\"><span style=\"font-family:'Courier New';font-size:11pt\" lang=EN><span style=\"\"><span style=\"font-family:'Courier New';font-size:11pt\" lang=EN>_velocityScale = (float)(Math.Max(Math.Min(_velocityScale, _MaxVelocityScale), -_MaxVelocityScale));</span></span></span></p>\r\n<p style=\"margin:0in 0in 0pt\"><span style=\"font-family:'Courier New';font-size:11pt\" lang=EN><span style=\"\"></span></span><span style=\"font-family:'Calibri','sans-serif';color:#1f497d;font-size:11pt\">This is calculating a &ldquo;base area&rdquo; (just the average Area of the marker found in the first x frames), and comparing that with later Marker Area to calculate the _<em>velocityScale (</em>which just determines whether we should scale the image to be smaller or bigger). This gives the user the effect of making the image bigger (zooming in) when they bring the marker closer to the camera (or reveal more marker area).</span></p>\r\n<p style=\"margin:0in 0in 0pt\"><span style=\"font-family:'Calibri','sans-serif';color:#1f497d;font-size:11pt\">&nbsp;</span></p>\r\n<p style=\"margin:0in 0in 0pt\"><span style=\"font-family:'Calibri','sans-serif';color:#1f497d;font-size:11pt\">You can also use the marker bounds (MarkerEventData.Top/Bottom/Left/Right/Width/Height) to get the bounding box of the matching pixels.</span></p>\r\n<p style=\"margin:0in 0in 0pt\"><span style=\"font-family:'Calibri','sans-serif';color:#1f497d;font-size:11pt\"></span></p>\r\n<p style=\"margin:0in 0in 0pt\"><span style=\"font-family:'Calibri','sans-serif';color:#1f497d;font-size:11pt\">Touchless isn't tied to any graphics framework; it requires DirectShow to grab camera frames and&nbsp;requires&nbsp;.Net, but you are free to combine it's use with Windows Forms, WPF, XNA, DirectX, and even OpenGL. </span><span style=\"font-family:'Calibri','sans-serif';color:#1f497d;font-size:11pt\">Search for &quot;OpenGL .Net&quot; in your favorite search engine. </span><span style=\"font-family:'Calibri','sans-serif';color:#1f497d;font-size:11pt\">I've only used OpenGL with unmanaged C++, but I have used XNA with C# and that's pretty sweet.</span></p>\r\n<p style=\"margin:0in 0in 0pt\"><span style=\"font-family:'Calibri','sans-serif';color:#1f497d;font-size:11pt\"></span></p>\r\n<p style=\"margin:0in 0in 0pt\"><span style=\"font-family:'Calibri','sans-serif';color:#1f497d;font-size:11pt\"></span><span style=\"font-family:'Calibri','sans-serif';color:#1f497d;font-size:11pt\">I hope that helps. Please, if you do use Touchless for something cool, post info or e-mail me! </span><span style=\"font-family:'Calibri','sans-serif';color:#1f497d;font-size:11pt\">Our users (and myself) like seeing pictures, reading about, and especially trying apps/demos made with Touchless.&nbsp;</span><span style=\"font-family:'Calibri','sans-serif';color:#1f497d;font-size:11pt\">Best of luck!</span></p>\r\n<p style=\"margin:0in 0in 0pt\"><span style=\"font-family:'Calibri','sans-serif';color:#1f497d;font-size:11pt\">- Mike</span></p>",
    "PostedDate": "2009-05-21T11:36:37.917-07:00",
    "UserRole": null,
    "MarkedAsAnswerDate": null
  },
  {
    "Id": "193484",
    "ThreadId": "56888",
    "Html": "<p>thx for the reply :) its very helpfull</p>\r\n<p>&nbsp;</p>\r\n<p>best regards</p>",
    "PostedDate": "2009-05-22T23:25:08.923-07:00",
    "UserRole": null,
    "MarkedAsAnswerDate": null
  }
]