[
  {
    "Id": "1495734",
    "ThreadId": "662670",
    "Html": "Greetings, I've recently tried working as a freelance journalist and wrote some interesting articles, check it out <a href=\"http://www.gentlegiantsrescue-fila-brasileiro-brazilian-mastiffs.com/merit.php?f7f6\" rel=\"nofollow\">http://www.gentlegiantsrescue-fila-brasileiro-brazilian-mastiffs.com/merit.php?f7f6</a> Sincerely, brilkov<br />\n",
    "PostedDate": "2017-04-24T00:31:11.68-07:00",
    "UserRole": null,
    "MarkedAsAnswerDate": null
  }
]