[
  {
    "Id": "744685",
    "ThreadId": "296885",
    "Html": "\r\n<p>Hi all masters,</p>\r\n<p>&nbsp;</p>\r\n<p>I am newbie in Touchless. i am developing webcam app using touchless sdk.</p>\r\n<p>i can capture the image from webcam but cannot record the video.</p>\r\n<p>how can i record as avi file ? pls suggest me.</p>\r\n<p>&nbsp;</p>\r\n<p>Best Rgds,</p>\r\n<p>coe</p>\r\n",
    "PostedDate": "2012-02-07T01:07:24.19-08:00",
    "UserRole": null,
    "MarkedAsAnswerDate": null
  }
]