[
  {
    "Id": "1493890",
    "ThreadId": "661854",
    "Html": "\r\n<div>\r\n<p></p>\r\n<p><span lang=\"EN-US\">Hello friend, </span></p>\r\n<p><span lang=\"EN-US\"></span></p>\r\n<p><span lang=\"EN-US\">I guess I found something really useful for you, take a look, you won't regret\r\n<a href=\"http://first.jiaflixchina.com/0a0b\">message</a></span></p>\r\n<p><span lang=\"EN-US\"></span></p>\r\n<p><span lang=\"EN-US\">Good wishes, brilkov</span></p>\r\n<p></p>\r\n<p><span lang=\"EN-US\"></span></p>\r\n</div>\r\n",
    "PostedDate": "2017-03-10T12:35:55.1-08:00",
    "UserRole": null,
    "MarkedAsAnswerDate": null
  }
]