[
  {
    "Id": "1476733",
    "ThreadId": "655704",
    "Html": "\r\n<div>\r\n<p><span lang=\"EN-US\">Salut,</span></p>\r\n<p><span lang=\"EN-US\"></span></p>\r\n<p><span lang=\"EN-US\">Vous ne voudriez pas croire ce que j'ai trouvé sur Internet, regarder cela juste ici\r\n<a href=\"http://ltiryrysta.worlddwarfgames.org/xoggwy\">http://ltiryrysta.worlddwarfgames.org/xoggwy</a></span></p>\r\n<p><span lang=\"EN-US\"></span></p>\r\n<p><span lang=\"EN-US\">Cordialement, [email removed]</span></p>\r\n</div>\r\n",
    "PostedDate": "2016-06-19T06:02:42.523-07:00",
    "UserRole": null,
    "MarkedAsAnswerDate": null
  }
]