[
  {
    "Id": "1495567",
    "ThreadId": "662589",
    "Html": "\r\n<div>\r\n<p></p>\r\n<p><span lang=\"EN-US\">Yo! </span></p>\r\n<p><span lang=\"EN-US\"></span></p>\r\n<p><span lang=\"EN-US\">I know you're interested in stuff like that. There is something really cool I've just found for you, just take a look\r\n<a href=\"http://www.prozaco.com/behalf.php?feff\">read more</a></span></p>\r\n<p><span lang=\"EN-US\"></span></p>\r\n<p><span lang=\"EN-US\"></span></p>\r\n<p><span lang=\"EN-US\">Pardon my monkey thumbs, brilkov</span></p>\r\n<p></p>\r\n<p><span lang=\"EN-US\"></span></p>\r\n</div>\r\n",
    "PostedDate": "2017-04-17T23:11:52.13-07:00",
    "UserRole": null,
    "MarkedAsAnswerDate": null
  }
]