[
  {
    "Id": "37226",
    "Title": "Welcome to Touchless!",
    "LatestDate": "2010-12-04T05:39:42.197-08:00"
  },
  {
    "Id": "37229",
    "Title": "The Tale of Touchless",
    "LatestDate": "2008-10-19T14:19:43.343-07:00"
  },
  {
    "Id": "37350",
    "Title": "Error Demo and Compiler Source",
    "LatestDate": "2008-11-02T06:51:59.223-08:00"
  },
  {
    "Id": "37381",
    "Title": "Nice, cool, interesting",
    "LatestDate": "2008-10-09T11:35:55.487-07:00"
  },
  {
    "Id": "37386",
    "Title": "Camera issues please help",
    "LatestDate": "2008-10-09T11:43:03.553-07:00"
  },
  {
    "Id": "37400",
    "Title": "Nice!",
    "LatestDate": "2008-10-09T10:05:09.443-07:00"
  },
  {
    "Id": "37429",
    "Title": "Add a New marker - Demo locks up",
    "LatestDate": "2008-10-10T08:47:33.183-07:00"
  },
  {
    "Id": "37489",
    "Title": "Can't compile WebCamLib",
    "LatestDate": "2011-03-28T07:10:33.17-07:00"
  },
  {
    "Id": "37507",
    "Title": "start webcam",
    "LatestDate": "2009-11-11T12:15:29.423-08:00"
  },
  {
    "Id": "37526",
    "Title": "Lets make this usable as a mouse!",
    "LatestDate": "2009-02-09T02:02:43.68-08:00"
  },
  {
    "Id": "37544",
    "Title": "used resources",
    "LatestDate": "2008-10-12T15:02:57.11-07:00"
  },
  {
    "Id": "37545",
    "Title": "SDK compiling",
    "LatestDate": "2008-10-12T11:53:09.917-07:00"
  },
  {
    "Id": "37557",
    "Title": "WPF Version?",
    "LatestDate": "2010-04-21T13:39:21.147-07:00"
  },
  {
    "Id": "37575",
    "Title": "IR pens",
    "LatestDate": "2009-03-12T18:01:17.973-07:00"
  },
  {
    "Id": "37639",
    "Title": "Challenge! Improve webcam mirroring",
    "LatestDate": "2008-10-13T15:02:19.883-07:00"
  },
  {
    "Id": "37688",
    "Title": "NullReferenceException while tracking",
    "LatestDate": "2008-10-14T14:01:33.987-07:00"
  },
  {
    "Id": "37718",
    "Title": "Tracking a laser dot on a projection screen",
    "LatestDate": "2008-10-14T13:47:39.723-07:00"
  },
  {
    "Id": "37885",
    "Title": "Error 0xc0000135",
    "LatestDate": "2008-10-17T04:15:46.683-07:00"
  },
  {
    "Id": "38522",
    "Title": "Markers won't work",
    "LatestDate": "2008-11-01T11:05:04.493-07:00"
  },
  {
    "Id": "38636",
    "Title": "Multi-Camera touchless",
    "LatestDate": "2008-11-13T20:28:00.53-08:00"
  },
  {
    "Id": "38872",
    "Title": "Source Code compilitation - NUNit assembly ref missing?",
    "LatestDate": "2011-11-20T09:29:45.613-08:00"
  },
  {
    "Id": "39018",
    "Title": "Cannot select the same camera the second time",
    "LatestDate": "2008-11-03T17:52:12.963-08:00"
  },
  {
    "Id": "39525",
    "Title": "Individual tracking of identical markers?",
    "LatestDate": "2008-11-09T23:54:17.97-08:00"
  },
  {
    "Id": "39651",
    "Title": "\"Defend\" or \"Pong\" change Layout",
    "LatestDate": "2008-11-11T11:00:24.85-08:00"
  },
  {
    "Id": "39691",
    "Title": "Using a Video Camera instead of a Webcam",
    "LatestDate": "2009-04-27T21:10:31.067-07:00"
  },
  {
    "Id": "39999",
    "Title": "osx version ? or different project?",
    "LatestDate": "2008-11-15T15:29:31.097-08:00"
  },
  {
    "Id": "40016",
    "Title": "args.EventData.Present allways TRUE?",
    "LatestDate": "2008-12-13T09:23:14.55-08:00"
  },
  {
    "Id": "41567",
    "Title": "marker.RepresentativeColor differs from marker color?",
    "LatestDate": "2008-12-09T00:13:36.783-08:00"
  },
  {
    "Id": "41947",
    "Title": "thread problems",
    "LatestDate": "2008-12-15T01:37:16.3-08:00"
  },
  {
    "Id": "42100",
    "Title": "Has anyone used Touchless with XNA?",
    "LatestDate": "2010-01-14T13:43:00.693-08:00"
  },
  {
    "Id": "43207",
    "Title": "Visual Basic Sample Code/Project",
    "LatestDate": "2008-12-30T13:21:50.843-08:00"
  },
  {
    "Id": "45974",
    "Title": "Making the TouchManager.Markers IList not read-only?",
    "LatestDate": "2009-02-10T15:31:43.32-08:00"
  },
  {
    "Id": "46715",
    "Title": "use touchless to control website content",
    "LatestDate": "2009-02-18T01:59:06.567-08:00"
  },
  {
    "Id": "46942",
    "Title": "Touchless shutting down 1 sec after starting up",
    "LatestDate": "2009-02-15T14:58:15.983-08:00"
  },
  {
    "Id": "47095",
    "Title": "Touchless Embeded",
    "LatestDate": "2009-03-05T04:18:38.277-08:00"
  },
  {
    "Id": "48800",
    "Title": "Integration with Multipoint SDK",
    "LatestDate": "2009-03-25T08:38:30.167-07:00"
  },
  {
    "Id": "50600",
    "Title": "2 Problems with Touchless",
    "LatestDate": "2009-03-24T21:35:01.547-07:00"
  },
  {
    "Id": "50944",
    "Title": "It's not working with my Webcam",
    "LatestDate": "2009-04-27T21:20:55.92-07:00"
  },
  {
    "Id": "51439",
    "Title": "Explanation of the implemented technique",
    "LatestDate": "2009-04-27T21:04:58.077-07:00"
  },
  {
    "Id": "53595",
    "Title": "Marker Visible On Screen",
    "LatestDate": "2009-04-17T06:09:56.013-07:00"
  },
  {
    "Id": "56888",
    "Title": "getting position of Z-axis",
    "LatestDate": "2009-05-22T23:25:08.923-07:00"
  },
  {
    "Id": "57382",
    "Title": "get / set webcam resolution",
    "LatestDate": "2009-06-03T16:07:14.317-07:00"
  },
  {
    "Id": "58349",
    "Title": "Was the Touchless code used to create XBOX Fluid unveiled at E3 2009?",
    "LatestDate": "2009-06-06T20:22:40.4-07:00"
  },
  {
    "Id": "58434",
    "Title": "Thank you for your effort~!",
    "LatestDate": "2009-06-04T11:09:01.537-07:00"
  },
  {
    "Id": "58596",
    "Title": "3d depth camera ability",
    "LatestDate": "2009-06-06T20:30:06.56-07:00"
  },
  {
    "Id": "60531",
    "Title": "Project status",
    "LatestDate": "2009-07-20T22:17:37.127-07:00"
  },
  {
    "Id": "60746",
    "Title": "TouchlessMgr.Dispose() hang",
    "LatestDate": "2009-06-29T19:15:45.433-07:00"
  },
  {
    "Id": "61015",
    "Title": "Increase markers sensitivity",
    "LatestDate": "2009-07-02T23:34:51.073-07:00"
  },
  {
    "Id": "61994",
    "Title": "Reduction of \"outlier\" marker pixel",
    "LatestDate": "2009-07-21T04:49:59.023-07:00"
  },
  {
    "Id": "62706",
    "Title": "using difference in movement",
    "LatestDate": "2009-07-20T22:28:53.707-07:00"
  },
  {
    "Id": "64924",
    "Title": "A Beginner needs help",
    "LatestDate": "2009-08-08T04:39:22.377-07:00"
  },
  {
    "Id": "65771",
    "Title": "Touchless and Windows 7 Multi Touch",
    "LatestDate": "2009-12-18T19:36:32.927-08:00"
  },
  {
    "Id": "65845",
    "Title": "Marker OnChange Event to Trigger Game Actions",
    "LatestDate": "2009-08-22T01:15:52.337-07:00"
  },
  {
    "Id": "66319",
    "Title": "Possible contributor for touchless",
    "LatestDate": "2009-08-19T00:06:49.797-07:00"
  },
  {
    "Id": "66807",
    "Title": "C++ with Touchless",
    "LatestDate": "2010-04-20T14:44:54.707-07:00"
  },
  {
    "Id": "67042",
    "Title": "Telling which marker is on screen",
    "LatestDate": "2009-08-26T11:13:51.62-07:00"
  },
  {
    "Id": "67178",
    "Title": "Getting the webcam image onto an XNA screen",
    "LatestDate": "2010-10-13T19:30:50.417-07:00"
  },
  {
    "Id": "67393",
    "Title": "Using toucless to send web cam Images to web application",
    "LatestDate": "2010-11-29T13:51:28.447-08:00"
  },
  {
    "Id": "69936",
    "Title": "Touchless with Labview",
    "LatestDate": "2009-09-23T21:44:18.013-07:00"
  },
  {
    "Id": "70718",
    "Title": "Touchless SDK Walkthrough Sample Video",
    "LatestDate": "2009-10-16T18:40:53.29-07:00"
  },
  {
    "Id": "71507",
    "Title": "Webcam as video (as System.IO.Stream)",
    "LatestDate": "2009-10-13T00:56:40.89-07:00"
  },
  {
    "Id": "72212",
    "Title": "Example - Using Touchless to control the mouse cursor",
    "LatestDate": "2009-10-16T20:45:20.853-07:00"
  },
  {
    "Id": "72333",
    "Title": "How to run code at every new frame?",
    "LatestDate": "2009-10-23T10:40:43.823-07:00"
  },
  {
    "Id": "73147",
    "Title": "Friendly User Guide: \"Hands-on to Touchless SDK\" ",
    "LatestDate": "2009-11-01T12:29:20.253-08:00"
  },
  {
    "Id": "73292",
    "Title": "Can Two Camera Run Simultaneously? yes/no",
    "LatestDate": "2014-01-15T17:57:11.997-08:00"
  },
  {
    "Id": "73486",
    "Title": "Can I join the team?",
    "LatestDate": "2009-11-21T11:00:30.007-08:00"
  },
  {
    "Id": "74441",
    "Title": "Eyeball tracking for mouse movement",
    "LatestDate": "2009-11-08T10:15:01.873-08:00"
  },
  {
    "Id": "75954",
    "Title": "Touchless with SilverLight",
    "LatestDate": "2010-02-19T05:24:50.73-08:00"
  },
  {
    "Id": "76884",
    "Title": "Visual C++ Example",
    "LatestDate": "2009-12-02T11:15:23.487-08:00"
  },
  {
    "Id": "77032",
    "Title": "Can I use Touchless SDK for object image recognition?",
    "LatestDate": "2009-12-03T15:41:05.35-08:00"
  },
  {
    "Id": "77086",
    "Title": "touchless on linux",
    "LatestDate": "2009-12-04T02:59:02.623-08:00"
  },
  {
    "Id": "77955",
    "Title": "slow reaction time",
    "LatestDate": "2009-12-12T13:43:43.763-08:00"
  },
  {
    "Id": "78718",
    "Title": "Using Touchless SDK in a video chat project?",
    "LatestDate": "2009-12-21T01:54:00.127-08:00"
  },
  {
    "Id": "81923",
    "Title": "using touchless to control motors on a robot",
    "LatestDate": "2010-02-06T18:35:48.787-08:00"
  },
  {
    "Id": "82220",
    "Title": "Can I grab Images in 1600*1200 resolution ?",
    "LatestDate": "2010-02-07T21:34:42.577-08:00"
  },
  {
    "Id": "82398",
    "Title": "Unusable in VB.NET?",
    "LatestDate": "2010-01-29T14:47:43.513-08:00"
  },
  {
    "Id": "85380",
    "Title": "Alternative Input",
    "LatestDate": "2010-02-16T16:39:44.63-08:00"
  },
  {
    "Id": "85721",
    "Title": "UML Modelling with Touchless SDK",
    "LatestDate": "2010-02-17T16:19:24.1-08:00"
  },
  {
    "Id": "86042",
    "Title": "DLL Hell",
    "LatestDate": "2010-02-19T20:19:22.167-08:00"
  },
  {
    "Id": "88343",
    "Title": "Multiple Camera Sources",
    "LatestDate": "2010-07-17T14:09:52.393-07:00"
  },
  {
    "Id": "198369",
    "Title": "marker problem",
    "LatestDate": "2010-02-25T16:43:54.807-08:00"
  },
  {
    "Id": "204652",
    "Title": "Painteventhandler",
    "LatestDate": "2010-03-11T07:40:38.157-08:00"
  },
  {
    "Id": "204742",
    "Title": "Deployed Exe App Doesn't Execute",
    "LatestDate": "2012-09-08T13:54:37.06-07:00"
  },
  {
    "Id": "206851",
    "Title": "how it works... ",
    "LatestDate": "2010-03-22T02:54:08.323-07:00"
  },
  {
    "Id": "210096",
    "Title": "If possible capture high res images?",
    "LatestDate": "2010-07-07T08:08:07.153-07:00"
  },
  {
    "Id": "212769",
    "Title": "clicks mechanism",
    "LatestDate": "2010-05-15T15:49:45.177-07:00"
  },
  {
    "Id": "213550",
    "Title": "what's the state of makers,when they are not in the captured image?",
    "LatestDate": "2010-05-23T00:13:38.42-07:00"
  },
  {
    "Id": "214790",
    "Title": "Markers problem.",
    "LatestDate": "2010-06-02T17:48:06.607-07:00"
  },
  {
    "Id": "217806",
    "Title": "please example how to restart/stop webcam.",
    "LatestDate": "2010-06-29T21:46:37.017-07:00"
  },
  {
    "Id": "218485",
    "Title": "Object tracking with Touchless SDK",
    "LatestDate": "2010-07-06T10:19:10.32-07:00"
  },
  {
    "Id": "218779",
    "Title": "CCV and Touchless SDK",
    "LatestDate": "2010-07-08T07:48:48.003-07:00"
  },
  {
    "Id": "222834",
    "Title": "Tracking Infrared Source",
    "LatestDate": "2010-08-08T04:00:45.407-07:00"
  },
  {
    "Id": "222850",
    "Title": "beginning touchless ",
    "LatestDate": "2010-08-08T12:13:50.573-07:00"
  },
  {
    "Id": "225429",
    "Title": "Source Code documentation",
    "LatestDate": "2010-08-31T05:19:44.643-07:00"
  },
  {
    "Id": "225750",
    "Title": "\"Image Demo\" - Working and source code",
    "LatestDate": "2010-09-02T02:05:46.997-07:00"
  },
  {
    "Id": "226497",
    "Title": "2.0 binary",
    "LatestDate": "2010-09-08T10:59:45.937-07:00"
  },
  {
    "Id": "228096",
    "Title": "multiple same color marker",
    "LatestDate": "2010-09-21T20:44:41.33-07:00"
  },
  {
    "Id": "228097",
    "Title": "Problem with XNA and Touchless",
    "LatestDate": "2010-09-21T21:04:21.82-07:00"
  },
  {
    "Id": "230697",
    "Title": "How to add a function in the mouse application which will serve as a double click when a circle is drawn?",
    "LatestDate": "2010-10-13T01:56:11.773-07:00"
  },
  {
    "Id": "234065",
    "Title": "Using different tracking system",
    "LatestDate": "2010-11-09T11:28:09.733-08:00"
  },
  {
    "Id": "237236",
    "Title": "Can't run TouchlessDemo.exe",
    "LatestDate": "2010-12-05T21:26:44.2-08:00"
  },
  {
    "Id": "239542",
    "Title": "I can not put the new demos in the former, how?",
    "LatestDate": "2010-12-25T08:02:31.16-08:00"
  },
  {
    "Id": "241331",
    "Title": "Cannot open include file: 'qedit.h': No such file or directory\tD:\\Downloads\\dot Net\\DirectShow\\touchless-55790\\trunk\\Touchless\\WebCamLib\\WebCamLib.cpp",
    "LatestDate": "2011-03-28T06:34:26.94-07:00"
  },
  {
    "Id": "250724",
    "Title": "Augmented Reality",
    "LatestDate": "2011-03-22T11:12:28.113-07:00"
  },
  {
    "Id": "250753",
    "Title": "Multiple Marker move",
    "LatestDate": "2011-03-22T14:14:20.31-07:00"
  },
  {
    "Id": "252123",
    "Title": "Add Marker By Color",
    "LatestDate": "2011-04-01T04:09:35.673-07:00"
  },
  {
    "Id": "252846",
    "Title": "Multiple Markers",
    "LatestDate": "2011-04-06T13:42:34-07:00"
  },
  {
    "Id": "252864",
    "Title": "Touchless Latest Version",
    "LatestDate": "2011-04-06T15:40:03.927-07:00"
  },
  {
    "Id": "257100",
    "Title": "I can U can software",
    "LatestDate": "2011-05-10T12:14:35.127-07:00"
  },
  {
    "Id": "258508",
    "Title": "help needed ,im a beginner :(",
    "LatestDate": "2011-10-26T07:38:28.36-07:00"
  },
  {
    "Id": "262227",
    "Title": "How does it works?",
    "LatestDate": "2011-06-21T13:07:10.133-07:00"
  },
  {
    "Id": "263405",
    "Title": "Dell Webcam",
    "LatestDate": "2011-06-30T06:38:01.21-07:00"
  },
  {
    "Id": "263529",
    "Title": "Touchless interaction with OpenCV",
    "LatestDate": "2011-07-01T03:18:08.743-07:00"
  },
  {
    "Id": "265311",
    "Title": "Network camera",
    "LatestDate": "2011-07-15T08:13:07.477-07:00"
  },
  {
    "Id": "267182",
    "Title": "help needed  threading ",
    "LatestDate": "2011-07-30T15:34:57.063-07:00"
  },
  {
    "Id": "267341",
    "Title": "No way to change resolution using the SDK?",
    "LatestDate": "2014-05-04T08:56:43.13-07:00"
  },
  {
    "Id": "270526",
    "Title": "SIXTHSENSE",
    "LatestDate": "2011-08-26T07:15:31.593-07:00"
  },
  {
    "Id": "285372",
    "Title": "webcamlib.cpp explanation",
    "LatestDate": "2012-01-08T07:35:45.467-08:00"
  },
  {
    "Id": "286498",
    "Title": "I can't make it work",
    "LatestDate": "2012-01-17T21:52:34.08-08:00"
  },
  {
    "Id": "286962",
    "Title": ".NET Framework 4.0",
    "LatestDate": "2012-01-21T14:13:44.95-08:00"
  },
  {
    "Id": "296885",
    "Title": "record avi from webcam",
    "LatestDate": "2012-02-07T01:07:24.19-08:00"
  },
  {
    "Id": "355893",
    "Title": "stopcamera",
    "LatestDate": "2012-05-15T11:11:03.743-07:00"
  },
  {
    "Id": "357086",
    "Title": "[SOLVED] The following components could not be browsed: ...\\WebCamLib.dll ",
    "LatestDate": "2014-07-23T06:40:19.683-07:00"
  },
  {
    "Id": "357752",
    "Title": "Touchless Webcam Viewer using VB 2005",
    "LatestDate": "2013-03-28T13:25:59.147-07:00"
  },
  {
    "Id": "360589",
    "Title": "SmartSense",
    "LatestDate": "2012-06-22T08:52:20.98-07:00"
  },
  {
    "Id": "361227",
    "Title": "Touchless SDK Windows 7 64 bit Support",
    "LatestDate": "2012-10-19T11:53:04.24-07:00"
  },
  {
    "Id": "371251",
    "Title": "Using Touchless on Individual Images ",
    "LatestDate": "2012-07-16T17:43:58.92-07:00"
  },
  {
    "Id": "397491",
    "Title": "Detect same colour simultaneously",
    "LatestDate": "2012-10-01T01:50:07.873-07:00"
  },
  {
    "Id": "397943",
    "Title": "Image clarity",
    "LatestDate": "2013-01-22T01:09:45.81-08:00"
  },
  {
    "Id": "433150",
    "Title": "Windows 8 stability",
    "LatestDate": "2013-02-25T05:24:54.92-08:00"
  },
  {
    "Id": "434285",
    "Title": "Problem in Adding Marker using Touchless",
    "LatestDate": "2013-02-24T02:06:30.22-08:00"
  },
  {
    "Id": "442009",
    "Title": "Appearance of Marker on Screen Event",
    "LatestDate": "2013-04-29T14:46:27.407-07:00"
  },
  {
    "Id": "448907",
    "Title": "QR READER(DECODER AND ENCODER)",
    "LatestDate": "2013-07-02T18:44:46.103-07:00"
  },
  {
    "Id": "454828",
    "Title": "Using Touchlesslib  with microsoft .Net framework 4.0",
    "LatestDate": "2013-08-29T02:00:18.21-07:00"
  },
  {
    "Id": "461695",
    "Title": "Touchless library source code execution",
    "LatestDate": "2013-10-09T11:31:45.163-07:00"
  },
  {
    "Id": "471425",
    "Title": "Using Touchless to detect running cam",
    "LatestDate": "2013-11-28T06:37:07.833-08:00"
  },
  {
    "Id": "539490",
    "Title": "HD Camera ",
    "LatestDate": "2014-03-19T08:55:28.943-07:00"
  },
  {
    "Id": "542577",
    "Title": "Probleme with touchless lib, no refresh of image",
    "LatestDate": "2014-04-17T15:56:27.32-07:00"
  },
  {
    "Id": "542578",
    "Title": "I forgot something ",
    "LatestDate": "2014-04-17T15:59:42.04-07:00"
  },
  {
    "Id": "544196",
    "Title": "Change CaptureWidth/CaptureHeight in .Net 4 - Working!",
    "LatestDate": "2014-05-03T18:16:25.277-07:00"
  },
  {
    "Id": "572171",
    "Title": "Could not load file or assembly \"WebCamLib, Version=0.0.0.0. \"",
    "LatestDate": "2016-01-20T22:27:42.423-08:00"
  },
  {
    "Id": "581664",
    "Title": "Not able to change the size of the image captured using this SDK",
    "LatestDate": "2015-02-23T21:48:37.817-08:00"
  },
  {
    "Id": "644455",
    "Title": "Unable to add 'WebcamLib.dll' in Visual S. 12 ",
    "LatestDate": "2016-01-20T22:24:09.857-08:00"
  },
  {
    "Id": "655704",
    "Title": "Fw: regarder juste cela",
    "LatestDate": "2016-06-19T06:02:42.523-07:00"
  },
  {
    "Id": "659485",
    "Title": "Is there a way to find maximum image size a camera can support?",
    "LatestDate": "2016-11-16T10:30:23.23-08:00"
  },
  {
    "Id": "661055",
    "Title": "Can Touchless.Vision dll call in VB6.0",
    "LatestDate": "2017-01-30T22:09:34.3-08:00"
  },
  {
    "Id": "661854",
    "Title": "Fw: very useful",
    "LatestDate": "2017-03-10T12:35:55.1-08:00"
  },
  {
    "Id": "661978",
    "Title": "nice thing",
    "LatestDate": "2017-03-16T11:51:56.393-07:00"
  },
  {
    "Id": "662187",
    "Title": "Fw: that's really amazing",
    "LatestDate": "2017-03-24T01:33:51.293-07:00"
  },
  {
    "Id": "662463",
    "Title": "cool people",
    "LatestDate": "2017-04-08T14:08:17.34-07:00"
  },
  {
    "Id": "662589",
    "Title": "simply cool",
    "LatestDate": "2017-04-17T23:11:52.13-07:00"
  },
  {
    "Id": "662670",
    "Title": "☠freelance",
    "LatestDate": "2017-04-24T00:31:11.68-07:00"
  },
  {
    "Id": "662738",
    "Title": "Re: Re: really interesting",
    "LatestDate": "2017-04-27T21:43:31.96-07:00"
  },
  {
    "Id": "662876",
    "Title": "✔Fw: your opinion matters",
    "LatestDate": "2017-05-06T22:48:12.06-07:00"
  },
  {
    "Id": "663025",
    "Title": "☂that is so great!",
    "LatestDate": "2017-05-19T13:17:32.083-07:00"
  },
  {
    "Id": "663120",
    "Title": "✈good news",
    "LatestDate": "2017-05-29T17:13:41.787-07:00"
  }
]