[
  {
    "Id": "610466",
    "ThreadId": "257100",
    "Html": "\r\n<p>Special needs people &nbsp;is a term used to describe individuals who require assistance for disabilities , they are presents an ignored sector of the community &nbsp;specially the Quadriplegia Patients , and since they are a human beings and they've the\r\n right to be a part of our community and out of that responsibility we deiced as - Team Imaginst - to enlighten the down of our project [ I Can, U Can ]I Can,U Can is a open source Software based on open source&nbsp;touch-less&nbsp;SDK were made to help special\r\n needs Patients by making &nbsp;the world a better place, helping them to use the computer with it full functions and interact and communicate with the social environment around them by just moving there heads to use the mouse , to improve there ability's and\r\n spread there visions,thoughts and believes.</p>\r\n<p><a href=\"http://www.facebook.com/video/video.php?v=10150238720933465\">http://www.facebook.com/video/video.php?v=10150238720933465</a></p>\r\n<p>thank you All........</p>\r\n",
    "PostedDate": "2011-05-10T12:14:35.127-07:00",
    "UserRole": null,
    "MarkedAsAnswerDate": null
  }
]