[
  {
    "Id": "477801",
    "ThreadId": "222850",
    "Html": "<p><span id=\"result_box\"><span style=\"background-color:#ebeff9\">Hello everyone,<br>&nbsp;</span><span style=\"background-color:#fff\">I started today with touchless, I know it's a very obvious question: with Visul Studio Express 2010 as I can open files TouchlessLib, TouchlessDemo to others that I am in the folder Touchless_Source_Code? </span></span></p>\r\n<p><span><span style=\"background-color:#fff\">&nbsp;</span></span></p>\r\n<p><span><span style=\"background-color:#fff\">sorry but I can not</span></span></p>",
    "PostedDate": "2010-08-08T12:13:50.573-07:00",
    "UserRole": null,
    "MarkedAsAnswerDate": null
  }
]