[
  {
    "Id": "143589",
    "ThreadId": "43207",
    "Html": "Hi Touchless community,<br>\r\n<br>\r\nI'm looking for a sample Visual Basic code that uses Touchless to share with our community.<br>\r\nPlease post here with links to or snippets of code for our VB users.<br>\r\nI would gladly add a simple and well documented submission to our repository.<br>\r\n<br>\r\nThanks!<br>\r\n- Mike<br>\r\n",
    "PostedDate": "2008-12-30T13:21:50.843-08:00",
    "UserRole": null,
    "MarkedAsAnswerDate": null
  }
]