[
  {
    "Id": "1224471",
    "ThreadId": "539490",
    "Html": "Hi\r<br />\n<br />\nI am using a Logitech C920 on Windows 8. Using Touchless, I can't get a resolution greater than 640x480 (by setting CaptureWidth and CaptureHeight) although the camera provides 1920x1080 pictures when saved from the Windows 8 Webcam software.\r<br />\n<br />\nIs it possible get higher resolution?\r<br />\n<br />\nThanks<br />\n",
    "PostedDate": "2014-03-19T08:55:28.943-07:00",
    "UserRole": null,
    "MarkedAsAnswerDate": null
  }
]