[
  {
    "Id": "1494167",
    "ThreadId": "661978",
    "Html": "\r\n<div>\r\n<p></p>\r\n<p><span lang=\"EN-US\">Dear, </span></p>\r\n<p><span lang=\"EN-US\"></span></p>\r\n<p><span lang=\"EN-US\">I was looking for some stuff and I've just found that nice thing, just take a look\r\n<a href=\"http://enjoy.henriettehc.com/9190\">message</a></span></p>\r\n<p><span lang=\"EN-US\"></span></p>\r\n<p><span lang=\"EN-US\">brilkov</span></p>\r\n<p></p>\r\n<p><span lang=\"EN-US\"></span></p>\r\n</div>\r\n",
    "PostedDate": "2017-03-16T11:51:56.393-07:00",
    "UserRole": null,
    "MarkedAsAnswerDate": null
  }
]