[
  {
    "Id": "266671",
    "ThreadId": "77955",
    "Html": "<p>Hi, im new to touchless, and im starting with using touchless demo's codes to understand how it works. The problem is, that in touchlessdemo video reacts in an instant, and in my project it does not ;). Dont get me wrong, im not writing bout fps. Fps is same in my project, and in project demo. The thing is, that in my case, when i move in front of camera, picture on my screen (from webcam) 'reacts' after 0,5 - 1 second... any ideas?</p>\r\n<p>&nbsp;</p>\r\n<p><strong><br></strong></p>\r\n<p><strong>private void initTouchlessCam(TouchlessMgr manager)</strong></p>\r\n<p><strong>{</strong></p>\r\n<p><strong>Camera choosenCam = null;</strong></p>\r\n<p><strong>foreach (Camera cam in manager.Cameras)</strong></p>\r\n<p><strong>{</strong></p>\r\n<p><strong>CamerasComboBox.Items.Add(cam);</strong></p>\r\n<p><strong>}</strong></p>\r\n<p><strong>if (CamerasComboBox.Items.Count &gt; 0)</strong></p>\r\n<p><strong>{</strong></p>\r\n<p><strong>CamerasComboBox.SelectedIndex = 0;</strong></p>\r\n<p><strong>choosenCam = (Camera)CamerasComboBox.SelectedItem;</strong></p>\r\n<p><strong>}</strong></p>\r\n<p><strong>else</strong></p>\r\n<p><strong>{</strong></p>\r\n<p><strong>MessageBox.Show(&quot;no usable camera found&quot;);</strong></p>\r\n<p><strong>}</strong></p>\r\n<p><strong>}</strong></p>\r\n<p><strong>&nbsp;</strong></p>\r\n<p><strong>private void comboBoxCameras_SelectedIndexChanged(object sender, EventArgs e)</strong></p>\r\n<p><strong>{</strong></p>\r\n<p><strong>if (cm.CurrentCamera == (Camera)CamerasComboBox.SelectedItem)</strong></p>\r\n<p><strong>return;</strong></p>\r\n<p>&nbsp;</p>\r\n<p><strong>if (cm.CurrentCamera != null)</strong></p>\r\n<p><strong>{</strong></p>\r\n<p><strong>cm.CurrentCamera.OnImageCaptured -= new EventHandler&lt;CameraEventArgs&gt;(OnImageCaptured);</strong></p>\r\n<p><strong>cm.CurrentCamera.Dispose();</strong></p>\r\n<p><strong>cm.CurrentCamera = null;</strong></p>\r\n<p><strong>CamerasComboBox.Text = &quot;Select A Camera&quot;;</strong></p>\r\n<p><strong>pictureBoxDisplay.Paint -= new PaintEventHandler(drawLatestImage);</strong></p>\r\n<p><strong>}</strong></p>\r\n<p><strong>&nbsp;</strong></p>\r\n<p><strong>if (CamerasComboBox.SelectedIndex &lt; 0)</strong></p>\r\n<p><strong>{</strong></p>\r\n<p><strong>pictureBoxDisplay.Paint -= new PaintEventHandler(drawLatestImage);</strong></p>\r\n<p><strong>CamerasComboBox.Text = &quot;Select A Camera&quot;;</strong></p>\r\n<p><strong>return;</strong></p>\r\n<p><strong>}</strong></p>\r\n<p><strong>&nbsp;</strong></p>\r\n<p><strong>try</strong></p>\r\n<p><strong>{</strong></p>\r\n<p><strong>Camera c = (Camera)CamerasComboBox.SelectedItem;</strong></p>\r\n<p><strong>c.OnImageCaptured += new EventHandler&lt;CameraEventArgs&gt;(OnImageCaptured);</strong></p>\r\n<p><strong>cm.CurrentCamera = c;</strong></p>\r\n<p><strong>&nbsp;</strong></p>\r\n<p><strong>pictureBoxDisplay.Paint += new PaintEventHandler(drawLatestImage);</strong></p>\r\n<p><strong>}</strong></p>\r\n<p><strong>catch (Exception ex)</strong></p>\r\n<p><strong>{</strong></p>\r\n<p><strong>CamerasComboBox.Text = &quot;Select A Camera&quot;;</strong></p>\r\n<p><strong>MessageBox.Show(ex.Message);</strong></p>\r\n<p><strong>}</strong></p>\r\n<p><strong>}</strong></p>\r\n<p>&nbsp;</p>\r\n<p><strong>private static Image _latestFrame;</strong></p>\r\n<p><strong><br></strong></p>\r\n<p><strong>private void OnImageCaptured(object sender, CameraEventArgs e)</strong></p>\r\n<p><strong>{</strong></p>\r\n<p><strong>_latestFrame = e.Image;</strong></p>\r\n<p><strong>pictureBoxDisplay.Invalidate();</strong></p>\r\n<p><strong>}</strong></p>\r\n<p><strong>&nbsp;</strong></p>\r\n<p><strong>private void drawLatestImage(object sender, PaintEventArgs e)</strong></p>\r\n<p><strong>{</strong></p>\r\n<p><strong>if (_latestFrame != null)</strong></p>\r\n<p><strong>{</strong></p>\r\n<p><strong>e.Graphics.DrawImage(_latestFrame, 0, 0, pictureBoxDisplay.Width, pictureBoxDisplay.Height);</strong></p>\r\n<p><strong>}</strong></p>\r\n<p><strong>}</strong></p>\r\n<p>&nbsp;</p>\r\n<p>any ideas?</p>",
    "PostedDate": "2009-12-12T13:43:43.763-08:00",
    "UserRole": null,
    "MarkedAsAnswerDate": null
  }
]