[
  {
    "Id": "1037375",
    "ThreadId": "442009",
    "Html": "Respected All,\r<br />\n<br />\nI liked this library as we can easily track the marker on screen.\r<br />\nI require a little help regarding the appearance of the Marker on screen. I want to write a code like, when the marker will be appeared on the screen, one bull variable will show &quot;true&quot; and when the marker will be disappeared from the screen, the variable will show &quot;false&quot;.\r<br />\nI've tried to figure out this issue but I can't.\r<br />\nPlease help me regarding this..\r<br />\n<br />\nThanking you all with warm Regards..\r<br />\nPranav Mistry,\r<br />\nIndia.<br />\n",
    "PostedDate": "2013-04-29T14:46:27.407-07:00",
    "UserRole": null,
    "MarkedAsAnswerDate": null
  }
]