[
  {
    "Id": "227069",
    "ThreadId": "66807",
    "Html": "<p>Hello to all, i need to use touchless sdk in one of my school project.</p>\r\n<p>&nbsp;</p>\r\n<p>I wonder is it possible to use C++ with Touchless sdk rather than C#.</p>\r\n<p>&nbsp;</p>\r\n<p>Thanks.</p>",
    "PostedDate": "2009-08-24T08:28:36.287-07:00",
    "UserRole": null,
    "MarkedAsAnswerDate": null
  },
  {
    "Id": "227637",
    "ThreadId": "66807",
    "Html": "<p>Well,my first Visual C++ program ever... *g*</p>\r\n<p>You can of course use the TouchlessLib project from (visual) C++...</p>\r\n<p>Open the Touchless solution and add a new Visual C++ windows forms application and replace the contents of Form1.h with the code below.</p>\r\n<p>Add a (project) reference to the TouchlessLib project and start your new application.</p>\r\n<p>Place a marker inside the red circle in the camera image and press the &quot;add marker&quot; button. The textbox below the camera picture shows the current marker name, representative color, location and area size.</p>\r\n<p>Hope this helps a bit, maybe someone with more experience in VC++ can make it better and contribute a patch for michael to include in the codeplex project files?</p>\r\n<hr>\r\n<p>&nbsp;</p>\r\n<pre>#pragma once\r\n\r\n\r\nnamespace touchlessDemo_cpp {\r\n\r\n\tusing namespace System;\r\n\tusing namespace System::ComponentModel;\r\n\tusing namespace System::Collections;\r\n\tusing namespace System::Windows::Forms;\r\n\tusing namespace System::Data;\r\n\tusing namespace System::Drawing;\r\n\r\n\t/// \r\n\t/// Summary for Form1\r\n\t///\r\n\t/// WARNING: If you change the name of this class, you will need to change the\r\n\t///          'Resource File Name' property for the managed resource compiler tool\r\n\t///          associated with all .resx files this class depends on.  Otherwise,\r\n\t///          the designers will not be able to interact properly with localized\r\n\t///          resources associated with this form.\r\n\t/// \r\n\tpublic ref class Form1 : public System::Windows::Forms::Form\r\n\t{\r\n\tpublic:\r\n\t\tForm1(void)\r\n\t\t{\r\n\t\t\tInitializeComponent();\r\n\t\t\t//\r\n\t\t\t//TODO: Add the constructor code here\r\n\t\t\t//\r\n\t\t}\r\n\r\n\tprotected:\r\n\t\t/// \r\n\t\t/// Clean up any resources being used.\r\n\t\t/// \r\n\t\t~Form1()\r\n\t\t{\r\n\t\t\tif (components)\r\n\t\t\t{\r\n\t\t\t\tdelete components;\r\n\t\t\t}\r\n\t\t}\r\n\tprivate: System::Windows::Forms::Label^  label1;\r\n\tprivate: System::Windows::Forms::PictureBox^  pictureBox1;\r\n\tprivate: System::Drawing::Bitmap^ currentCamImage;\r\n\tprivate: System::Windows::Forms::Button^  button1;\r\n\tprivate: TouchlessLib::TouchlessMgr ^mgr;\r\n\tprivate: int markerNum;\r\n\r\n\tprotected: \r\n\r\n\tprivate:\r\n\r\n\t\t/// \r\n\t\t/// Required designer variable.\r\n\t\t/// \r\n\t\tSystem::ComponentModel::Container ^components;\r\n\r\n#pragma region Windows Form Designer generated code\r\n\t\t/// \r\n\t\t/// Required method for Designer support - do not modify\r\n\t\t/// the contents of this method with the code editor.\r\n\t\t/// \r\n\t\tvoid InitializeComponent(void)\r\n\t\t{\r\n\t\t\tthis-&gt;label1 = (gcnew System::Windows::Forms::Label());\r\n\t\t\tthis-&gt;pictureBox1 = (gcnew System::Windows::Forms::PictureBox());\r\n\t\t\tthis-&gt;button1 = (gcnew System::Windows::Forms::Button());\r\n\t\t\t(cli::safe_cast(this-&gt;pictureBox1))-&gt;BeginInit();\r\n\t\t\tthis-&gt;SuspendLayout();\r\n\t\t\t// \r\n\t\t\t// label1\r\n\t\t\t// \r\n\t\t\tthis-&gt;label1-&gt;Dock = System::Windows::Forms::DockStyle::Bottom;\r\n\t\t\tthis-&gt;label1-&gt;Location = System::Drawing::Point(0, 286);\r\n\t\t\tthis-&gt;label1-&gt;Name = L&quot;label1&quot;;\r\n\t\t\tthis-&gt;label1-&gt;Size = System::Drawing::Size(413, 57);\r\n\t\t\tthis-&gt;label1-&gt;TabIndex = 0;\r\n\t\t\tthis-&gt;label1-&gt;Text = L&quot;label1&quot;;\r\n\t\t\t// \r\n\t\t\t// pictureBox1\r\n\t\t\t// \r\n\t\t\tthis-&gt;pictureBox1-&gt;Dock = System::Windows::Forms::DockStyle::Fill;\r\n\t\t\tthis-&gt;pictureBox1-&gt;Location = System::Drawing::Point(0, 0);\r\n\t\t\tthis-&gt;pictureBox1-&gt;Name = L&quot;pictureBox1&quot;;\r\n\t\t\tthis-&gt;pictureBox1-&gt;Size = System::Drawing::Size(413, 286);\r\n\t\t\tthis-&gt;pictureBox1-&gt;TabIndex = 1;\r\n\t\t\tthis-&gt;pictureBox1-&gt;TabStop = false;\r\n\t\t\tthis-&gt;pictureBox1-&gt;Paint += gcnew System::Windows::Forms::PaintEventHandler(this, &amp;Form1::pictureBox1_Paint);\r\n\t\t\t// \r\n\t\t\t// button1\r\n\t\t\t// \r\n\t\t\tthis-&gt;button1-&gt;Dock = System::Windows::Forms::DockStyle::Top;\r\n\t\t\tthis-&gt;button1-&gt;Location = System::Drawing::Point(0, 0);\r\n\t\t\tthis-&gt;button1-&gt;Name = L&quot;button1&quot;;\r\n\t\t\tthis-&gt;button1-&gt;Size = System::Drawing::Size(413, 35);\r\n\t\t\tthis-&gt;button1-&gt;TabIndex = 2;\r\n\t\t\tthis-&gt;button1-&gt;Text = L&quot;add marker&quot;;\r\n\t\t\tthis-&gt;button1-&gt;UseVisualStyleBackColor = true;\r\n\t\t\tthis-&gt;button1-&gt;Click += gcnew System::EventHandler(this, &amp;Form1::button1_Click);\r\n\t\t\t// \r\n\t\t\t// Form1\r\n\t\t\t// \r\n\t\t\tthis-&gt;AutoScaleDimensions = System::Drawing::SizeF(6, 13);\r\n\t\t\tthis-&gt;AutoScaleMode = System::Windows::Forms::AutoScaleMode::Font;\r\n\t\t\tthis-&gt;ClientSize = System::Drawing::Size(413, 343);\r\n\t\t\tthis-&gt;Controls-&gt;Add(this-&gt;button1);\r\n\t\t\tthis-&gt;Controls-&gt;Add(this-&gt;pictureBox1);\r\n\t\t\tthis-&gt;Controls-&gt;Add(this-&gt;label1);\r\n\t\t\tthis-&gt;Name = L&quot;Form1&quot;;\r\n\t\t\tthis-&gt;Text = L&quot;Form1&quot;;\r\n\t\t\tthis-&gt;Load += gcnew System::EventHandler(this, &amp;Form1::Form1_Load);\r\n\t\t\tthis-&gt;FormClosed += gcnew System::Windows::Forms::FormClosedEventHandler(this, &amp;Form1::Form1_FormClosed);\r\n\t\t\t(cli::safe_cast(this-&gt;pictureBox1))-&gt;EndInit();\r\n\t\t\tthis-&gt;ResumeLayout(false);\r\n\r\n\t\t}\r\n#pragma endregion\r\n\tprivate: System::Void Form1_Load(System::Object^  sender, System::EventArgs^  e) {\r\n\t\t\t\t this-&gt;mgr = gcnew TouchlessLib::TouchlessMgr();\r\n\r\n\t\t\t\t this-&gt;mgr-&gt;CurrentCamera = mgr-&gt;Cameras[0];\r\n\r\n\t\t\t\t /* this is useful for me, you may need other values */\r\n\t\t\t\t this-&gt;mgr-&gt;CurrentCamera-&gt;RotateFlip = RotateFlipType::RotateNoneFlipX;\r\n\r\n\t\t\t\t this-&gt;mgr-&gt;CurrentCamera-&gt;OnImageCaptured += gcnew System::EventHandler(this, &amp;Form1::Cam_NewImage);\t\t\t\t \r\n\t\t\t }\r\n\r\n\tprivate: System::Void Cam_NewImage(System::Object^  sender, TouchlessLib::CameraEventArgs^  e) {\r\n\t\t\t\t this-&gt;currentCamImage = e-&gt;Image;\r\n\t\t\t\t this-&gt;pictureBox1-&gt;Invalidate();\r\n\t\t\t}\r\n\r\n\tprivate: System::Void Marker_Changed(System::Object^  sender, TouchlessLib::MarkerEventArgs^  e) {\r\n\t\t\t\t if (!this-&gt;IsDisposed)\r\n\t\t\t\t {\r\n\t\t\t\t\t if (this-&gt;InvokeRequired)\r\n\t\t\t\t\t {\r\n\t\t\t\t\t\t try\r\n\t\t\t\t\t\t {\r\n\t\t\t\t\t\t\t /* TODO: ObjectDisposedException occurs here when marker is visible and the program is terminated, but why? */\r\n\t\t\t\t\t\t\t this-&gt;Invoke(gcnew EventHandler(this, &amp;Form1::Marker_Changed), sender, e);\r\n\t\t\t\t\t\t }\r\n\t\t\t\t\t\t catch (Exception^ ex)\r\n\t\t\t\t\t\t {\r\n\t\t\t\t\t\t\t /* never mind, the app will be terminated */\r\n\t\t\t\t\t\t }\r\n\t\t\t\t\t }\r\n\t\t\t\t\t else\r\n\t\t\t\t\t {\r\n\t\t\t\t\t\t Color color = e-&gt;EventMarker-&gt;RepresentativeColor;\r\n\t\t\t\t\t\t \r\n\t\t\t\t\t\t if (e-&gt;EventData.Present)\r\n\t\t\t\t\t\t {\r\n\t\t\t\t\t\t\t this-&gt;label1-&gt;Text = &quot;Marker &quot; + e-&gt;EventMarker-&gt;Name +\r\n\t\t\t\t\t\t\t\t Environment::NewLine +\r\n\t\t\t\t\t\t\t\t &quot;Color: &quot; + color.ToString() +\r\n\t\t\t\t\t\t\t\t Environment::NewLine +\r\n\t\t\t\t\t\t\t\t &quot;Pos (&quot; + e-&gt;EventData.X.ToString(&quot;0.00&quot;) + &quot;, &quot; + e-&gt;EventData.Y.ToString(&quot;0.00&quot;) + &quot;)&quot; +\r\n\t\t\t\t\t\t\t\t Environment::NewLine +\r\n\t\t\t\t\t\t\t\t &quot;Area: &quot; + e-&gt;EventData.Area.ToString(&quot;0.00&quot;) + &quot;px&quot;;\r\n\t\t\t\t\t\t }\r\n\t\t\t\t\t\t else\r\n\t\t\t\t\t\t {\r\n\t\t\t\t\t\t\t this-&gt;label1-&gt;Text = &quot;Marker &quot; + e-&gt;EventMarker-&gt;Name +\r\n\t\t\t\t\t\t\t\t Environment::NewLine +\r\n\t\t\t\t\t\t\t\t &quot;Color: &quot; + color.ToString() +\r\n\t\t\t\t\t\t\t\t Environment::NewLine +\r\n\t\t\t\t\t\t\t\t &quot;marker is not visible.&quot;;\r\n\t\t\t\t\t\t }\r\n\t\t\t\t\t }\r\n\t\t\t\t }\r\n\t\t\t }\r\n\r\n\tprivate: System::Void pictureBox1_Paint(System::Object^  sender, System::Windows::Forms::PaintEventArgs^  e) {\r\n\t\t\t\t if (!this-&gt;IsDisposed)\r\n\t\t\t\t {\r\n\t\t\t\t\t if (this-&gt;currentCamImage != nullptr)\r\n\t\t\t\t\t {\r\n\t\t\t\t\t\tGraphics^ g = e-&gt;Graphics;\r\n\r\n\t\t\t\t\t\tthis-&gt;currentCamImage-&gt;SetResolution(g-&gt;DpiX, g-&gt;DpiY);\r\n\t\t\t\t\t\tint radius = this-&gt;currentCamImage-&gt;Height / 10;\r\n\r\n\t\t\t\t\t\tg-&gt;DrawImage(this-&gt;currentCamImage,0,0);\r\n\r\n\t\t\t\t\t\tg-&gt;DrawEllipse(Pens::Red, (int)(this-&gt;currentCamImage-&gt;Width - radius) / 2,\r\n\t\t\t\t\t\t\t(int)(this-&gt;currentCamImage-&gt;Height - radius) / 2, (int)radius, (int)radius);\r\n\r\n\t\t\t\t\t\tg-&gt;Flush();\r\n\t\t\t\t\t }\r\n\t\t\t\t }\r\n\t\t\t }\r\n\r\nprivate: System::Void button1_Click(System::Object^  sender, System::EventArgs^  e) {\r\n\t\t\t \r\n\t\t\t if (this-&gt;currentCamImage != nullptr)\r\n\t\t\t {\r\n\t\t\t\t if (this-&gt;mgr-&gt;MarkerCount &gt; 0)\r\n\t\t\t\t {\r\n\t\t\t\t\tthis-&gt;mgr-&gt;Markers[0]-&gt;OnChange -= gcnew System::EventHandler(this, &amp;Form1::Marker_Changed);\r\n\t\t\t\t\tthis-&gt;mgr-&gt;RemoveMarker(0);\r\n\t\t\t\t }\r\n\r\n\t\t\t\t /* generate marker form image center with 10% area (this is only dummy code, user should select the area to use!) */\r\n\t\t\t\t TouchlessLib::Marker^ marker = mgr-&gt;AddMarker(&quot;marker #&quot; + (++this-&gt;markerNum).ToString(),\r\n\t\t\t\t\t\t this-&gt;currentCamImage,\r\n\t\t\t\t\t\t System::Drawing::Point(this-&gt;currentCamImage-&gt;Width / 2, this-&gt;currentCamImage-&gt;Height /2),\r\n\t\t\t\t\t\t this-&gt;currentCamImage-&gt;Height / 10);\r\n\r\n\t\t\t\t marker-&gt;Active = true;\r\n\t\t\t\t marker-&gt;OnChange += gcnew System::EventHandler(this, &amp;Form1::Marker_Changed);\r\n\t\t\t }\r\n\t\t }\r\n\r\nprivate: System::Void Form1_FormClosed(System::Object^  sender, System::Windows::Forms::FormClosedEventArgs^  e) {\r\n\t\t\t this-&gt;mgr-&gt;CurrentCamera-&gt;OnImageCaptured -= gcnew System::EventHandler(this, &amp;Form1::Cam_NewImage);\r\n\t\t\t \r\n\t\t\t if (this-&gt;mgr-&gt;MarkerCount &gt; 0)\r\n\t\t\t {\r\n\t\t\t\t this-&gt;mgr-&gt;Markers[0]-&gt;OnChange -= gcnew System::EventHandler(this, &amp;Form1::Marker_Changed);\r\n\t\t\t\tthis-&gt;mgr-&gt;RemoveMarker(0);\r\n\t\t\t }\r\n\r\n\t\t\t this-&gt;mgr-&gt;CurrentCamera = nullptr;\r\n\t\t\t this-&gt;mgr = nullptr;\r\n\t\t }\r\n};\r\n\r\n}\r</pre>",
    "PostedDate": "2009-08-25T13:37:31.697-07:00",
    "UserRole": null,
    "MarkedAsAnswerDate": null
  },
  {
    "Id": "228309",
    "ThreadId": "66807",
    "Html": "<p>Thanks for your post. I wonder it works on C++ and not Visual C++ because i need tp use other library too such as QT or VOIP library.</p>\r\n<p>&nbsp;</p>\r\n<p>Thanks.</p>",
    "PostedDate": "2009-08-27T02:27:40.91-07:00",
    "UserRole": null,
    "MarkedAsAnswerDate": null
  },
  {
    "Id": "228414",
    "ThreadId": "66807",
    "Html": "<p>This is an interesting question for me, too, because I have some legacy C++ projects that currently use a COM-DLL to interop with managed (c#) code.</p>\r\n<p>If you find a way one can directly access managed assemblies from C++ (maybe using a VisualC++ wrapper?) I would greatly appreciate you sharing your solution here...</p>",
    "PostedDate": "2009-08-27T07:47:04.617-07:00",
    "UserRole": null,
    "MarkedAsAnswerDate": null
  },
  {
    "Id": "228669",
    "ThreadId": "66807",
    "Html": "<p>[quote]COM-DLL to interop with managed (c#) code. [/quote]</p>\r\n<p>I think i not asking to access C# dll directly from C++. AFAIK, COm interoperability or PInvoke is the only method.</p>\r\n<p>Can you help ?</p>\r\n<p>Thanks.</p>\r\n<p>http://stackoverflow.com/questions/1046499/how-do-i-call-managed-net-code-from-my-un-managed-c-code-in-windows-and-vice-v</p>\r\n<p>http://www.codeproject.com/KB/dotnet/DllExporter.aspx</p>\r\n<p>http://tigerang.blogspot.com/2008/09/reverse-pinvoke.html</p>\r\n<p>#include&quot;stdafx.h&quot;<br>&nbsp;<br>#import&quot;..\\bitlocker\\bin\\debug\\BitLocker.tlb&quot; raw_interfaces_only<br>usingnamespace BitLocker;<br>&nbsp;<br>int _tmain(int argc, _TCHAR* argv[])<br>{<br>&nbsp; HRESULT hr = CoInitialize(NULL);<br>&nbsp;<br>&nbsp; try<br>&nbsp; {<br>&nbsp;&nbsp;&nbsp; //Create the interface pointer.<br>&nbsp;&nbsp;&nbsp; IBitLockerOpsPtr pIBitLocker(__uuidof(BitLockerOps));<br>&nbsp;<br>&nbsp;&nbsp;&nbsp; //Call the method<br>&nbsp;&nbsp;&nbsp; long iResult = 5000;<br>&nbsp;&nbsp;&nbsp; pIBitLocker-&gt;GetBitLockerStatus(&amp;iResult);<br>&nbsp; }<br>&nbsp; catch( _com_error&amp; ex )<br>&nbsp; {<br>&nbsp;&nbsp;&nbsp; ATLTRACE( _T(&quot;%s\\n&quot;), ex.ErrorMessage );<br>&nbsp; }<br>&nbsp; <br>&nbsp; CoUninitialize();<br>&nbsp; return 0;<br>}</p>\r\n<p>&nbsp;</p>\r\n<p>http://support.microsoft.com/kb/828736</p>\r\n<p>&nbsp;</p>\r\n<p>&nbsp;</p>\r\n<p>I got bunch of link from google and i haven't doing any deep research yet.</p>\r\n<p>&nbsp;</p>\r\n<p>COM Interoperability</p>\r\n<p>http://www.codeproject.com/KB/cs/ManagedCOM.aspx?msg=2538501</p>\r\n<pre id=pre11 style=\"margin-top:0pt\">CoInitialize(NULL);   <span>//</span><span>Initialize all COM Components<br></span><br>    <br><span>//</span><span> &lt;namespace&gt;::&lt;InterfaceName&gt;<br></span><br>MyInterop::IMyDotNetInterfacePtr pDotNetCOMPtr;<br><br><span>//</span><span> CreateInstance parameters<br></span><br><span>//</span><span> e.g. CreateInstance (&lt;namespace::CLSID_&lt;ClassName&gt;)<br></span><br>HRESULT hRes = <br>  pDotNetCOMPtr.CreateInstance(MyInterop::CLSID_MyDotNetClass);<br><span>if</span> (hRes == S_OK)<br>{<br>    BSTR str;<br>    pDotNetCOMPtr-<span>&gt;</span>ShowCOMDialog ();<br>    <span>//</span><span>call .NET COM exported function ShowDialog ()<br></span><br>}<br><br>CoUninitialize ();   <span>//</span><span>DeInitialize all COM Components<br><br></span>http://blogs.msdn.com/cbrumme/archive/2003/04/15/51325.aspx<br>http://bytes.com/topic/c-sharp/answers/229924-dll-development-c-exporting-functions<br><br></pre>\r\n<p>for that you have to know basic of COM.<br> then It is very simple to call <strong>c#</strong> <strong>dll</strong> in the vc++.<br> You have to make  .TLB (Type Library file)  of your original <strong>c#</strong> <strong>DLL</strong> and <strong>use</strong> that<br> .TLB library in the VC++ code. For that you have to register .TLB file on your pc as well as it is neccessary to import that .TLB file in your vc++ apllication.<br> When you write <strong>C#</strong> <strong>DLL</strong> remember to <strong>use</strong> interfaces that would be implemented in the class.</p>\r\n<p>&nbsp;</p>\r\n<p>http://social.msdn.microsoft.com/Forums/en-US/vclanguage/thread/5345a27a-a614-4a74-9f6d-ea7a999ddf83</p>\r\n<p>http://support.microsoft.com/kb/828736</p>\r\n<p>http://www.codeproject.com/Messages/3022727/How-to-use-Csharp-Managed-DLL-into-my-VCplusplus-Application-DLL.aspx</p>\r\n<p>I hope someone have better approach.&nbsp;</p>\r\n<p>Anyone can help. I looks for easier approach.</p>\r\n<p>Thanks.</p>",
    "PostedDate": "2009-08-28T04:27:31.283-07:00",
    "UserRole": null,
    "MarkedAsAnswerDate": null
  },
  {
    "Id": "230618",
    "ThreadId": "66807",
    "Html": "<p>Thanks for the feedback and sorry for the long delay,</p>\r\n<p>We currently do use the COM approach, but I know how you can do without now (but also not directly):</p>\r\n<p>You can write a managed C++ class library that directly uses the managed c# library and wraps any the function you need.</p>\r\n<p>You have less effort than with COM, you are &quot;out of COM hell&quot; but you have to &nbsp;write the wrapper that in fact does nothing but call the managed functions and return their results.</p>\r\n<p>Maybe you can find an automatic wrapper generator? this would be great news...</p>",
    "PostedDate": "2009-09-03T04:04:03.403-07:00",
    "UserRole": null,
    "MarkedAsAnswerDate": null
  },
  {
    "Id": "231388",
    "ThreadId": "66807",
    "Html": "Thanks for your reply. <br><br>I decided to go for CCV library. <br>",
    "PostedDate": "2009-09-05T01:21:18.487-07:00",
    "UserRole": null,
    "MarkedAsAnswerDate": null
  },
  {
    "Id": "288189",
    "ThreadId": "66807",
    "Html": "<p>Hi,</p>\r\n<p>I have problem with the code form this thread. I get error:</p>\r\n<p>error C3352: 'void TouchlessTest::Form1::Cam_NewImage(System::Object ^,TouchlessLib::CameraEventArgs ^)' : the specified function does not match the delegate type 'void (System::Object ^,System::EventArgs ^)'</p>\r\n<p>Can someone help?</p>",
    "PostedDate": "2010-02-10T04:56:36.223-08:00",
    "UserRole": null,
    "MarkedAsAnswerDate": null
  },
  {
    "Id": "290460",
    "ThreadId": "66807",
    "Html": "<p>Well, the Event handler declaration (and the others and their invocation in my sample, too) use the base class type &quot;EventArgs&quot; instead of the concrete EventArgs class, you should</p>\r\n<p>replace the <em>gcnew EventHandler(...)</em> &nbsp;with <em>EventHandler&lt;TouchlessLib::CameraEventArgs^&gt;(...)</em> and <em>EventHandler&lt;<em>TouchlessLib::</em>MarkerEventArgs^&gt;(...) </em>&nbsp;in the code above.</p>\r\n<p>&nbsp;</p>\r\n<p>HTH,<br>Florian</p>",
    "PostedDate": "2010-02-13T07:30:31.733-08:00",
    "UserRole": null,
    "MarkedAsAnswerDate": null
  },
  {
    "Id": "290809",
    "ThreadId": "66807",
    "Html": "<p>thanks, now it's correct</p>\r\n<p>&nbsp;</p>\r\n<p>but when i'm trying run my program i have error. is something wrong with my code or .dll ?</p>\r\n<p>See the end of this message for details on invoking <br>just-in-time (JIT) debugging instead of this dialog box.<br><br>************** Exception Text **************<br>System.EntryPointNotFoundException: Unable to find an entry point named 'Initialize' in DLL 'WebCamLib.dll'.<br>&nbsp;&nbsp; at TouchlessLib.NativeMethods.WebCamInitialize()<br>&nbsp;&nbsp; at TouchlessLib.TouchlessMgr..ctor()<br>&nbsp;&nbsp; at TouchlessTest.Form1.Form1_Load(Object sender, EventArgs e) in e:\\mojedokumenty\\visual studio 2008\\projects\\touchlesstest\\touchlesstest\\form1.h:line 91<br>&nbsp;&nbsp; at System.Windows.Forms.Form.OnLoad(EventArgs e)<br>&nbsp;&nbsp; at System.Windows.Forms.Form.OnCreateControl()<br>&nbsp;&nbsp; at System.Windows.Forms.Control.CreateControl(Boolean fIgnoreVisible)<br>&nbsp;&nbsp; at System.Windows.Forms.Control.CreateControl()<br>&nbsp;&nbsp; at System.Windows.Forms.Control.WmShowWindow(Message&amp; m)<br>&nbsp;&nbsp; at System.Windows.Forms.Control.WndProc(Message&amp; m)<br>&nbsp;&nbsp; at System.Windows.Forms.ScrollableControl.WndProc(Message&amp; m)<br>&nbsp;&nbsp; at System.Windows.Forms.ContainerControl.WndProc(Message&amp; m)<br>&nbsp;&nbsp; at System.Windows.Forms.Form.WmShowWindow(Message&amp; m)<br>&nbsp;&nbsp; at System.Windows.Forms.Form.WndProc(Message&amp; m)<br>&nbsp;&nbsp; at System.Windows.Forms.Control.ControlNativeWindow.OnMessage(Message&amp; m)<br>&nbsp;&nbsp; at System.Windows.Forms.Control.ControlNativeWindow.WndProc(Message&amp; m)<br>&nbsp;&nbsp; at System.Windows.Forms.NativeWindow.Callback(IntPtr hWnd, Int32 msg, IntPtr wparam, IntPtr lparam)<br><br><br>************** Loaded Assemblies **************<br>mscorlib<br>&nbsp;&nbsp;&nbsp; Assembly Version: 2.0.0.0<br>&nbsp;&nbsp;&nbsp; Win32 Version: 2.0.50727.3603 (GDR.050727-3600)<br>&nbsp;&nbsp;&nbsp; CodeBase: file:///C:/WINDOWS/Microsoft.NET/Framework/v2.0.50727/mscorlib.dll<br>----------------------------------------<br>TouchlessTest<br>&nbsp;&nbsp;&nbsp; Assembly Version: 1.0.3698.25289<br>&nbsp;&nbsp;&nbsp; Win32 Version: <br>&nbsp;&nbsp;&nbsp; CodeBase: file:///E:/MojeDokumenty/Visual%20Studio%202008/Projects/TouchlessTest/Debug/TouchlessTest.exe<br>----------------------------------------<br>msvcm90d<br>&nbsp;&nbsp;&nbsp; Assembly Version: 9.0.21022.8<br>&nbsp;&nbsp;&nbsp; Win32 Version: 9.00.21022.8<br>&nbsp;&nbsp;&nbsp; CodeBase: file:///C:/WINDOWS/WinSxS/x86_Microsoft.VC90.DebugCRT_1fc8b3b9a1e18e3b_9.0.21022.8_x-ww_597c3456/msvcm90d.dll<br>----------------------------------------<br>System<br>&nbsp;&nbsp;&nbsp; Assembly Version: 2.0.0.0<br>&nbsp;&nbsp;&nbsp; Win32 Version: 2.0.50727.3053 (netfxsp.050727-3000)<br>&nbsp;&nbsp;&nbsp; CodeBase: file:///C:/WINDOWS/assembly/GAC_MSIL/System/2.0.0.0__b77a5c561934e089/System.dll<br>----------------------------------------<br>System.Windows.Forms<br>&nbsp;&nbsp;&nbsp; Assembly Version: 2.0.0.0<br>&nbsp;&nbsp;&nbsp; Win32 Version: 2.0.50727.3053 (netfxsp.050727-3000)<br>&nbsp;&nbsp;&nbsp; CodeBase: file:///C:/WINDOWS/assembly/GAC_MSIL/System.Windows.Forms/2.0.0.0__b77a5c561934e089/System.Windows.Forms.dll<br>----------------------------------------<br>System.Drawing<br>&nbsp;&nbsp;&nbsp; Assembly Version: 2.0.0.0<br>&nbsp;&nbsp;&nbsp; Win32 Version: 2.0.50727.3053 (netfxsp.050727-3000)<br>&nbsp;&nbsp;&nbsp; CodeBase: file:///C:/WINDOWS/assembly/GAC_MSIL/System.Drawing/2.0.0.0__b03f5f7f11d50a3a/System.Drawing.dll<br>----------------------------------------<br>System.Configuration<br>&nbsp;&nbsp;&nbsp; Assembly Version: 2.0.0.0<br>&nbsp;&nbsp;&nbsp; Win32 Version: 2.0.50727.3053 (netfxsp.050727-3000)<br>&nbsp;&nbsp;&nbsp; CodeBase: file:///C:/WINDOWS/assembly/GAC_MSIL/System.Configuration/2.0.0.0__b03f5f7f11d50a3a/System.Configuration.dll<br>----------------------------------------<br>System.Xml<br>&nbsp;&nbsp;&nbsp; Assembly Version: 2.0.0.0<br>&nbsp;&nbsp;&nbsp; Win32 Version: 2.0.50727.3082 (QFE.050727-3000)<br>&nbsp;&nbsp;&nbsp; CodeBase: file:///C:/WINDOWS/assembly/GAC_MSIL/System.Xml/2.0.0.0__b77a5c561934e089/System.Xml.dll<br>----------------------------------------<br>TouchlessLib<br>&nbsp;&nbsp;&nbsp; Assembly Version: 1.0.0.0<br>&nbsp;&nbsp;&nbsp; Win32 Version: 1.0.0.0<br>&nbsp;&nbsp;&nbsp; CodeBase: file:///E:/MojeDokumenty/Visual%20Studio%202008/Projects/TouchlessTest/Debug/TouchlessLib.DLL<br>----------------------------------------<br><br>************** JIT Debugging **************<br>To enable just-in-time (JIT) debugging, the .config file for this<br>application or computer (machine.config) must have the<br>jitDebugging value set in the system.windows.forms section.<br>The application must also be compiled with debugging<br>enabled.<br><br>For example:<br><br>&lt;configuration&gt;<br>&nbsp;&nbsp;&nbsp; &lt;system.windows.forms jitDebugging=&quot;true&quot; /&gt;<br>&lt;/configuration&gt;<br><br>When JIT debugging is enabled, any unhandled exception<br>will be sent to the JIT debugger registered on the computer<br>rather than be handled by this dialog box.</p>",
    "PostedDate": "2010-02-15T05:09:07.953-08:00",
    "UserRole": null,
    "MarkedAsAnswerDate": null
  },
  {
    "Id": "291448",
    "ThreadId": "66807",
    "Html": "<p>this sounds like the webcamlib project isn't built. try replacing the reference to the webcamlib project with a reference to the webcamlib in the binaries folder or enable the build for the webcamlib project (I think I remember that the webcamlib project was &quot;unloaded&quot; for me when I tried it the first time, simply right-click and select &quot;load&quot; may help, but I think there were some problems concerning the directX sdk... however, the reference changing will help in that case, too...</p>",
    "PostedDate": "2010-02-16T14:47:18.27-08:00",
    "UserRole": null,
    "MarkedAsAnswerDate": null
  },
  {
    "Id": "433368",
    "ThreadId": "66807",
    "Html": "<p>What those errors mean:</p>\r\n<p>TouchlessTest.obj : error LNK2028: unresolved token (0A000020) &quot;extern &quot;C&quot; void __stdcall keybd_event(unsigned char,unsigned char,unsigned long,unsigned long)&quot; (?keybd_event@@$$J216YGXEEKK@Z) referenced in function __catch$?Marker_Changed@Form1@TouchlessTest@@$$FA$AAMXP$AAVObject@System@@P$AAVMarkerEventArgs@TouchlessLib@@@Z$0<br>TouchlessTest.obj : error LNK2019: unresolved external symbol &quot;extern &quot;C&quot; void __stdcall keybd_event(unsigned char,unsigned char,unsigned long,unsigned long)&quot; (?keybd_event@@$$J216YGXEEKK@Z) referenced in function __catch$?Marker_Changed@Form1@TouchlessTest@@$$FA$AAMXP$AAVObject@System@@P$AAVMarkerEventArgs@TouchlessLib@@@Z$0<br>Visual Studio 2008\\Projects\\TouchlessTest\\Debug\\TouchlessTest.exe : fatal error LNK1120: 2 unresolved externals</p>\r\n<p>I'm trying to use keybd_event(VK_RIGHT, 0, 0, 0); in this program.</p>\r\n<p>&nbsp;</p>",
    "PostedDate": "2010-04-20T14:44:54.707-07:00",
    "UserRole": null,
    "MarkedAsAnswerDate": null
  }
]