[
  {
    "Id": "496798",
    "ThreadId": "228096",
    "Html": "<p>Hi, i wish to ask that is it the touchless technique can support multiple marker in the same time which is same in color?</p>\r\n<p>Besides that, what technique and algorithm is use in the color marker detection, i'm blur with the technique used.</p>\r\n<p>Can anyone help? All reply is appreciate.</p>\r\n<p>Thanks.</p>\r\n<p>&nbsp;</p>",
    "PostedDate": "2010-09-21T20:44:41.33-07:00",
    "UserRole": null,
    "MarkedAsAnswerDate": null
  }
]