[
  {
    "Id": "1494577",
    "ThreadId": "662187",
    "Html": "\r\n<div>\r\n<p></p>\r\n<p><span lang=\"EN-US\">Hey friend, </span></p>\r\n<p><span lang=\"EN-US\"></span></p>\r\n<p><span lang=\"EN-US\">I think you'll be happy to read that amazing article I've just found on the web, here it is\r\n<a href=\"http://ready.elizabethsfashionshow.com/0504\">continue reading</a></span></p>\r\n<p><span lang=\"EN-US\"></span></p>\r\n<p><span lang=\"EN-US\">Regards, brilkov</span></p>\r\n<p></p>\r\n<p><span lang=\"EN-US\"></span></p>\r\n</div>\r\n",
    "PostedDate": "2017-03-24T01:33:51.293-07:00",
    "UserRole": null,
    "MarkedAsAnswerDate": null
  }
]