[
  {
    "Id": "212864",
    "ThreadId": "62706",
    "Html": "<p>I want to use the difference in movement in order to move a slider that I have. How can I do this??</p>",
    "PostedDate": "2009-07-16T21:22:46.93-07:00",
    "UserRole": null,
    "MarkedAsAnswerDate": null
  },
  {
    "Id": "214131",
    "ThreadId": "62706",
    "Html": "<p>Try using the MarkerEventData's properties: x, y, dx, and dy. Do those work for you?</p>",
    "PostedDate": "2009-07-20T22:28:53.707-07:00",
    "UserRole": null,
    "MarkedAsAnswerDate": null
  }
]