[
  {
    "Id": "125104",
    "ThreadId": "37718",
    "Html": "Would it be possible to match the webcam image with the screen display of the computer (by ANDing, or ORing, or XORing... oh, you know what I mean)? That way you could, for example, track a red laser dot moving on a display cast from a projector on a screen, turning your presentation pointer into a mouse! Of course, projection mouse is just a beginning, think how Operation Wolf would improve...<br>\r\n",
    "PostedDate": "2008-10-14T13:47:39.723-07:00",
    "UserRole": null,
    "MarkedAsAnswerDate": null
  }
]