[
  {
    "Id": "540416",
    "ThreadId": "239542",
    "Html": "\r\n<p><span id=\"x_result_box\" lang=\"en\"><span title=\"Clique para mostrar traduções alternativas\">written</span>\r\n<span title=\"Clique para mostrar traduções alternativas\">by</span> <span title=\"Clique para mostrar traduções alternativas\">\r\nJo&atilde;o</span> <span title=\"Clique para mostrar traduções alternativas\">Vitor, help me<br>\r\n</span></span></p>\r\n",
    "PostedDate": "2010-12-25T08:02:31.16-08:00",
    "UserRole": null,
    "MarkedAsAnswerDate": null
  }
]