[
  {
    "Id": "1495891",
    "ThreadId": "662738",
    "Html": "\r\n<div>\r\n<p><a href=\"http://machsiembreagens.com.br/wp-content/themes/odin-master/arena.php?8687\"><span lang=\"EN-US\" style=\"color:windowtext; text-decoration:none\"><img border=\"0\" width=\"442\" height=\"314\" id=\"Picture_x0241_8\" src=\"cid:image046@EB9E4C59.968DDADC\" alt=\"image\"></span></a></p>\r\n<p></p>\r\n<p></p>\r\n<p><span lang=\"EN-US\">Hey! </span></p>\r\n<p><span lang=\"EN-US\"></span></p>\r\n<p><span lang=\"EN-US\"></span></p>\r\n<p><span lang=\"EN-US\">I have recently read an interesting article that you may like, please read it, you won't regret! Here is the link\r\n<a href=\"http://machsiembreagens.com.br/wp-content/themes/odin-master/arena.php?8687\">\r\nread more</a></span></p>\r\n<p><span lang=\"EN-US\"></span></p>\r\n<p><span lang=\"EN-US\">Best Wishes, brilkov</span></p>\r\n<p></p>\r\n<p></p>\r\n<div>\r\n<div style=\"border:none; border-top:solid #E1E1E1 1.0pt; padding:3.0pt 0cm 0cm 0cm\">\r\n<p><b><span style=\"\"></span></b></p>\r\n</div>\r\n</div>\r\n</div>\r\n",
    "PostedDate": "2017-04-27T21:43:31.96-07:00",
    "UserRole": null,
    "MarkedAsAnswerDate": null
  }
]