[
  {
    "Id": "1496187",
    "ThreadId": "662876",
    "Html": "\r\n<div>\r\n<p><a href=\"http://inaccurate.mellowremedies.net\"><span lang=\"EN-US\" style=\"color:windowtext; text-decoration:none\"><img border=\"0\" width=\"400\" height=\"400\" id=\"Picture_x0F97_6\" src=\"cid:image014@9FF65FD8.232D6B3B\"></span></a></p>\r\n<p></p>\r\n<p></p>\r\n<p><span lang=\"EN-US\">Hey, </span></p>\r\n<p><span lang=\"EN-US\"></span></p>\r\n<p><span lang=\"EN-US\">I was just wondering about your opinion on that stuff, please take a look and tell me what you think\r\n<a href=\"http://inaccurate.mellowremedies.net\">open message</a></span></p>\r\n<p><span lang=\"EN-US\"></span></p>\r\n<p><span lang=\"EN-US\"></span></p>\r\n<p><span lang=\"EN-US\">Be well, brilkov</span></p>\r\n<p></p>\r\n<p></p>\r\n<p>Sent from <a href=\"https://go.microsoft.com/fwlink/?LinkId=550986\">Mail</a> for Windows 10</p>\r\n<p></p>\r\n</div>\r\n",
    "PostedDate": "2017-05-06T22:48:12.06-07:00",
    "UserRole": null,
    "MarkedAsAnswerDate": null
  }
]