[
  {
    "Id": "197674",
    "ThreadId": "58434",
    "Html": "<p>Hi Mike.</p>\r\n<p>I'm a developer&nbsp;liv'in korea.</p>\r\n<p>I had worked at Webcam manufacture company before .</p>\r\n<p>The video Tecnologies like&nbsp;AR, Directshow etc.&nbsp; have some difficult thing for general programmer.</p>\r\n<p>At this view, Touchless SDK is nice, cool, interesting!! Thank you for your effort!</p>\r\n<p>And i have a question.</p>\r\n<p>The main Article 'Microsoft's <a href=\"http://news.bbc.co.uk/2/hi/technology/8077369.stm\"><span style=\"color:#3e62a6\">Project Natal</span></a><span style=\"color:#30332d\"> and Sony's </span><a href=\"http://news.bbc.co.uk/1/hi/technology/8080511.stm\">motion controller</a>'&nbsp; used the Touchless sdk?</p>\r\n<p>&nbsp;</p>\r\n<p>Thank you.</p>",
    "PostedDate": "2009-06-04T04:19:17.987-07:00",
    "UserRole": null,
    "MarkedAsAnswerDate": null
  },
  {
    "Id": "197862",
    "ThreadId": "58434",
    "Html": "<p>Thanks for the kind words. No, Touchless SDK was not used in either of those projects.</p>\r\n<p>Sorry for the confusion, I'll revise the homepage comment. Check out my comment here:</p>\r\n<p><a href=\"http://touchless.codeplex.com/Thread/View.aspx?ThreadId=58349\">http://touchless.codeplex.com/Thread/View.aspx?ThreadId=58349</a></p>\r\n<p>- Mike</p>",
    "PostedDate": "2009-06-04T11:09:01.537-07:00",
    "UserRole": null,
    "MarkedAsAnswerDate": null
  }
]