{
  "WorkItem": {
    "AffectedComponent": {
      "Name": "",
      "DisplayName": ""
    },
    "ClosedComment": "",
    "ClosedDate": null,
    "CommentCount": 0,
    "Custom": null,
    "Description": "First... thanks for this great work... touchless sdk is a very good, simple and helpful sdk.\nwe build a litte reaction test with touchless.\ni dont want to say any more... just test it :-D\n \nyou will find a demo video and the programm on my website.\n \nhttp://www.little-devil.de/\n \nthanks to: sven hasan und murat, \nthey are mainly responsible for planing and building this project with me\n \nhave a lot of fun with it\ngreetings from germany\n \nmathias",
    "LastUpdatedDate": "2013-02-21T16:27:54.52-08:00",
    "PlannedForRelease": "",
    "ReleaseVisibleToPublic": false,
    "Priority": {
      "Name": "Low",
      "Severity": 50,
      "Id": 1
    },
    "ProjectName": "touchless",
    "ReportedDate": "2009-07-20T16:23:29.303-07:00",
    "Status": {
      "Name": "Proposed",
      "Id": 1
    },
    "ReasonClosed": {
      "Name": "Unassigned"
    },
    "Summary": "SHMM TouchlessReaction",
    "Type": {
      "Name": "Issue",
      "Id": 3
    },
    "VoteCount": 1,
    "Id": 8058
  },
  "FileAttachments": [],
  "Comments": []
}