{
  "WorkItem": {
    "AffectedComponent": {
      "Name": "Documentation",
      "DisplayName": "Documentation"
    },
    "ClosedComment": "",
    "ClosedDate": null,
    "CommentCount": 0,
    "Custom": null,
    "Description": "Make video(s) that show and explain:\nSetting up a camera/environment.\nAdding markers.",
    "LastUpdatedDate": "2017-11-27T20:24:58.883-08:00",
    "PlannedForRelease": "",
    "ReleaseVisibleToPublic": false,
    "Priority": {
      "Name": "Low",
      "Severity": 50,
      "Id": 1
    },
    "ProjectName": "touchless",
    "ReportedDate": "2008-10-06T16:18:06.853-07:00",
    "Status": {
      "Name": "Proposed",
      "Id": 1
    },
    "ReasonClosed": {
      "Name": "Unassigned"
    },
    "Summary": "Add training video(s) for the demo",
    "Type": {
      "Name": "Task",
      "Id": 2
    },
    "VoteCount": 1,
    "Id": 6387
  },
  "FileAttachments": [],
  "Comments": []
}