{
  "WorkItem": {
    "AffectedComponent": {
      "Name": "",
      "DisplayName": ""
    },
    "ClosedComment": "See Change Set #25334. Comment copied below:\n\nYou asked for it, and I'm listening! Here's a quick changeset to reflect some feature requests.\n\nAdd TouchlessLib Camera functionality to RotateFlip the incoming images.\nAdd TouchlessDemo Camera Tab check boxes to flip x/y.\nTouchlessDemo Markers Tab now automatically selects added markers.\n\n*Please note that documentation updates may take some time after code updates.*\n*Expect documentation to reflect the state of the latest release package, not necessarily the latest repository files.*",
    "ClosedDate": "2008-10-15T22:42:52.643-07:00",
    "CommentCount": 0,
    "Custom": null,
    "Description": "Some webcam properties pages don't offer users the ability to flip their image.\nUsers will want to be able to do this easily.\nClient side toggles should definitely be integrated into the demo, and maybe WebCamLib.",
    "LastUpdatedDate": "2013-05-16T04:06:05.843-07:00",
    "PlannedForRelease": "",
    "ReleaseVisibleToPublic": false,
    "Priority": {
      "Name": "Medium",
      "Severity": 100,
      "Id": 2
    },
    "ProjectName": "touchless",
    "ReportedDate": "2008-10-06T15:19:26.313-07:00",
    "Status": {
      "Name": "Closed",
      "Id": 4
    },
    "ReasonClosed": {
      "Name": "Unassigned"
    },
    "Summary": "Webcam Properties - Flip Image X and Y",
    "Type": {
      "Name": "Feature",
      "Id": 1
    },
    "VoteCount": 8,
    "Id": 6385
  },
  "FileAttachments": [],
  "Comments": [
    {
      "Message": "My camera doesnt support flip. Please add this feature.",
      "PostedDate": "2010-05-24T07:55:30.007-07:00",
      "Id": -2147483648
    },
    {
      "Message": "",
      "PostedDate": "2013-02-21T16:27:58.27-08:00",
      "Id": -2147483648
    },
    {
      "Message": "",
      "PostedDate": "2013-05-16T04:06:05.843-07:00",
      "Id": -2147483648
    }
  ]
}