{
  "WorkItem": {
    "AffectedComponent": {
      "Name": "",
      "DisplayName": ""
    },
    "ClosedComment": "Thanks for reporting this problem, it should be fixed with change 55699. Please let me know if that doesn&#39;t resolve this issue for you.",
    "ClosedDate": "2010-02-12T18:09:28.59-08:00",
    "CommentCount": 0,
    "Custom": null,
    "Description": "I just open the touchless.sln under touchless\\trunk\\Touchless using change set 55440\nIt has some problem to build the project.\nPlease see the attach picture.",
    "LastUpdatedDate": "2013-05-16T04:06:05.1-07:00",
    "PlannedForRelease": "",
    "ReleaseVisibleToPublic": false,
    "Priority": {
      "Name": "Low",
      "Severity": 50,
      "Id": 1
    },
    "ProjectName": "touchless",
    "ReportedDate": "2010-02-07T01:45:02.683-08:00",
    "Status": {
      "Name": "Closed",
      "Id": 4
    },
    "ReasonClosed": {
      "Name": "Unassigned"
    },
    "Summary": "issues in touchless V2",
    "Type": {
      "Name": "Issue",
      "Id": 3
    },
    "VoteCount": 1,
    "Id": 10174
  },
  "FileAttachments": [
    {
      "FileId": 2654,
      "FileName": "touchless.png",
      "DownloadUrl": ".\\2654"
    }
  ],
  "Comments": []
}