[
  {
    "Id": 6385,
    "Title": "Webcam Properties - Flip Image X and Y"
  },
  {
    "Id": 6386,
    "Title": "Touchless Demo: When a marker is added default the drop down to it"
  },
  {
    "Id": 6387,
    "Title": "Add training video(s) for the demo"
  },
  {
    "Id": 6404,
    "Title": "Idea: Create a Touchless app to control pptPlex"
  },
  {
    "Id": 6405,
    "Title": "Codeplex - make links to videos"
  },
  {
    "Id": 6412,
    "Title": "Idea: Photo Viewer and Editor"
  },
  {
    "Id": 6424,
    "Title": "Mouse Functionality"
  },
  {
    "Id": 6425,
    "Title": "Create 'Soft' Buttons?"
  },
  {
    "Id": 6426,
    "Title": "A connection to other Webcams"
  },
  {
    "Id": 6463,
    "Title": "Save and Load Marker"
  },
  {
    "Id": 6464,
    "Title": "Add marker by color and threshold"
  },
  {
    "Id": 6526,
    "Title": "A way to compensate for changing light conditions"
  },
  {
    "Id": 6529,
    "Title": "Improving accuracy and Z-axis (3D) support"
  },
  {
    "Id": 6533,
    "Title": "Add an app/crash log for TouchlessDemo"
  },
  {
    "Id": 6847,
    "Title": "app has a problem"
  },
  {
    "Id": 7063,
    "Title": "Event for Camera (and Camera Capture Size) changed"
  },
  {
    "Id": 7282,
    "Title": "TOUCHLESS-Jhonny Lee White Board,"
  },
  {
    "Id": 7969,
    "Title": "Change Resolution"
  },
  {
    "Id": 8058,
    "Title": "SHMM TouchlessReaction"
  },
  {
    "Id": 8176,
    "Title": "MarkerEventData Height and Width reversed"
  },
  {
    "Id": 9092,
    "Title": "Friendly User Guide: \"Hands-on to Touchless SDK\""
  },
  {
    "Id": 10174,
    "Title": "issues in touchless V2"
  },
  {
    "Id": 10194,
    "Title": "Demo issue in v2"
  },
  {
    "Id": 10195,
    "Title": "touchless.vision runs error"
  },
  {
    "Id": 10808,
    "Title": "GDI+ exception"
  },
  {
    "Id": 10892,
    "Title": "ArgumentOutOfRangeException"
  },
  {
    "Id": 11993,
    "Title": "Chunky / Scrambled Video"
  },
  {
    "Id": 12873,
    "Title": "Exception: Graph builder was null!"
  },
  {
    "Id": 14466,
    "Title": "Unable building on Visual Studio 2010 64 bits"
  },
  {
    "Id": 14852,
    "Title": "webcamlib could not be added to references"
  },
  {
    "Id": 14853,
    "Title": "webcamlib could not be added to references"
  },
  {
    "Id": 14854,
    "Title": "webcamlib could not be added to references"
  },
  {
    "Id": 15596,
    "Title": "64 bit compatible??"
  },
  {
    "Id": 16051,
    "Title": "Webcam does not terminate correctly in W8"
  },
  {
    "Id": 16187,
    "Title": "The Selected component could not be browsed"
  },
  {
    "Id": 16449,
    "Title": "Touchless library source code execution"
  }
]