{
  "WorkItem": {
    "AffectedComponent": {
      "Name": "",
      "DisplayName": ""
    },
    "ClosedComment": "Extract zipped files to run.",
    "ClosedDate": "2009-02-09T02:03:51.417-08:00",
    "CommentCount": 0,
    "Custom": null,
    "Description": "so, i've run into some problems along the way some i dont know how to fix. \nmy first problem was an error that said somthing about access denied, you fix that by taking the extracted files out of your temporary folder becuase that folder has special security locks in it. my second problem is a simple app crash, i have no idea whats causing the problem the details are\n \ni open the program and i see my webcam, then about a second later it crashes and gives me these details, \n \nAppName: touchlessdemo.exe      AppVer: 1.0.0.0     AppStamp:48e95946\nModName: gdiplus.dll      ModVer: 5.1.3102.5512      ModStamp:4802a091\nfDebug: 0       Offset: 00057079\n \nso any help would be great\n! thanks",
    "LastUpdatedDate": "2013-05-16T04:06:05.247-07:00",
    "PlannedForRelease": "",
    "ReleaseVisibleToPublic": false,
    "Priority": {
      "Name": "Low",
      "Severity": 50,
      "Id": 1
    },
    "ProjectName": "touchless",
    "ReportedDate": "2008-12-22T10:23:07.263-08:00",
    "Status": {
      "Name": "Closed",
      "Id": 4
    },
    "ReasonClosed": {
      "Name": "Unassigned"
    },
    "Summary": "app has a problem",
    "Type": {
      "Name": "Issue",
      "Id": 3
    },
    "VoteCount": 1,
    "Id": 6847
  },
  "FileAttachments": [],
  "Comments": [
    {
      "Message": "sounds like the WebCamLib used in this project doesn't like your webcam. Sorry but I can't provide further assistance with that... others?",
      "PostedDate": "2009-02-03T15:50:14.357-08:00",
      "Id": -2147483648
    },
    {
      "Message": "",
      "PostedDate": "2009-02-09T02:03:51.417-08:00",
      "Id": -2147483648
    },
    {
      "Message": "",
      "PostedDate": "2013-02-21T16:27:55.587-08:00",
      "Id": -2147483648
    },
    {
      "Message": "",
      "PostedDate": "2013-05-16T04:06:05.247-07:00",
      "Id": -2147483648
    }
  ]
}