{
  "WorkItem": {
    "AffectedComponent": {
      "Name": "CodePlex",
      "DisplayName": "CodePlex"
    },
    "ClosedComment": "Wikie page created and linked from Home\nTouchless Media - view media and press items",
    "ClosedDate": "2008-10-31T19:24:37.747-07:00",
    "CommentCount": 0,
    "Custom": null,
    "Description": "The source repository isn't a good home for our video files, so they've been removed.\nWe need some way of linking everyone to our videos of interest.\nPerhaps just links on the wiki (maybe it's own wiki page).",
    "LastUpdatedDate": "2013-05-16T04:06:05.55-07:00",
    "PlannedForRelease": "",
    "ReleaseVisibleToPublic": false,
    "Priority": {
      "Name": "High",
      "Severity": 150,
      "Id": 3
    },
    "ProjectName": "touchless",
    "ReportedDate": "2008-10-08T12:26:40.46-07:00",
    "Status": {
      "Name": "Closed",
      "Id": 4
    },
    "ReasonClosed": {
      "Name": "Unassigned"
    },
    "Summary": "Codeplex - make links to videos",
    "Type": {
      "Name": "Task",
      "Id": 2
    },
    "VoteCount": 1,
    "Id": 6405
  },
  "FileAttachments": [],
  "Comments": []
}