{
  "WorkItem": {
    "AffectedComponent": {
      "Name": "",
      "DisplayName": ""
    },
    "ClosedComment": "",
    "ClosedDate": null,
    "CommentCount": 0,
    "Custom": null,
    "Description": "webcamlib.dll could not be loaded or added to references\n \nMicrosoft Visual Studio 2010\nWindows Forms C#\nBuild: x86\n.NET FW 4.0\n \nWindows 7 Ultimate\nSP 1\n64 bit",
    "LastUpdatedDate": "2013-02-21T16:27:51.91-08:00",
    "PlannedForRelease": "",
    "ReleaseVisibleToPublic": false,
    "Priority": {
      "Name": "Low",
      "Severity": 50,
      "Id": 1
    },
    "ProjectName": "touchless",
    "ReportedDate": "2012-03-23T16:31:06.77-07:00",
    "Status": {
      "Name": "Proposed",
      "Id": 1
    },
    "ReasonClosed": {
      "Name": "Unassigned"
    },
    "Summary": "webcamlib could not be added to references",
    "Type": {
      "Name": "Issue",
      "Id": 3
    },
    "VoteCount": 1,
    "Id": 14853
  },
  "FileAttachments": [
    {
      "FileId": 4273,
      "FileName": "Untitled.png",
      "DownloadUrl": ".\\4273"
    }
  ],
  "Comments": []
}