{
  "WorkItem": {
    "AffectedComponent": {
      "Name": "TouchlessDemo",
      "DisplayName": "TouchlessDemo"
    },
    "ClosedComment": "See Change Set #25334. Comment copied below:\n\nYou asked for it, and I'm listening! Here's a quick changeset to reflect some feature requests.\n\nAdd TouchlessLib Camera functionality to RotateFlip the incoming images.\nAdd TouchlessDemo Camera Tab check boxes to flip x/y.\nTouchlessDemo Markers Tab now automatically selects added markers.\n\n*Please note that documentation updates may take some time after code updates.*\n*Expect documentation to reflect the state of the latest release package, not necessarily the latest repository files.*",
    "ClosedDate": "2008-10-15T22:44:07.987-07:00",
    "CommentCount": 0,
    "Custom": null,
    "Description": "When a marker is added instead of the drop down saying edit a marker change the drop down to the most recently created marker.",
    "LastUpdatedDate": "2013-05-16T04:06:05.697-07:00",
    "PlannedForRelease": "",
    "ReleaseVisibleToPublic": false,
    "Priority": {
      "Name": "Low",
      "Severity": 50,
      "Id": 1
    },
    "ProjectName": "touchless",
    "ReportedDate": "2008-10-06T16:12:37.3-07:00",
    "Status": {
      "Name": "Closed",
      "Id": 4
    },
    "ReasonClosed": {
      "Name": "Unassigned"
    },
    "Summary": "Touchless Demo: When a marker is added default the drop down to it",
    "Type": {
      "Name": "Issue",
      "Id": 3
    },
    "VoteCount": 1,
    "Id": 6386
  },
  "FileAttachments": [],
  "Comments": []
}