[
  {
    "Title": "Community",
    "Id": "1880423",
    "ParentWikiTitle": "Home",
    "FileExtension": "codeplexwiki",
    "UpdatedDate": "2016-08-29T07:56:23.33-07:00",
    "FileAttachments": []
  },
  {
    "Title": "Media",
    "Id": "198886",
    "ParentWikiTitle": "Home",
    "FileExtension": "codeplexwiki",
    "UpdatedDate": "2009-10-16T08:39:12.967-07:00",
    "FileAttachments": []
  },
  {
    "Title": "Home",
    "Id": "187333",
    "ParentWikiTitle": "",
    "FileExtension": "codeplexwiki",
    "UpdatedDate": "2009-09-01T17:04:28.61-07:00",
    "FileAttachments": []
  },
  {
    "Title": "FAQ",
    "Id": "171519",
    "ParentWikiTitle": "Home",
    "FileExtension": "codeplexwiki",
    "UpdatedDate": "2009-06-25T14:53:57.12-07:00",
    "FileAttachments": []
  },
  {
    "Title": "Touchless Community",
    "Id": "148862",
    "ParentWikiTitle": "Home",
    "FileExtension": "codeplexwiki",
    "UpdatedDate": "2009-03-19T01:31:32.8-07:00",
    "FileAttachments": []
  },
  {
    "Title": "Touchless Media",
    "Id": "120609",
    "ParentWikiTitle": "Home",
    "FileExtension": "codeplexwiki",
    "UpdatedDate": "2008-10-31T18:33:42.573-07:00",
    "FileAttachments": []
  },
  {
    "Title": "Touchless FAQ",
    "Id": "115909",
    "ParentWikiTitle": "Home",
    "FileExtension": "codeplexwiki",
    "UpdatedDate": "2008-10-06T20:07:11.01-07:00",
    "FileAttachments": []
  }
]
